feat_1,feat_2,feat_3,feat_4,feat_5,feat_6,feat_7,feat_8,feat_9,feat_10,target
-0.11628026145083153,-3.4029303224969847,-1.182114641012064,-0.3395166274394701,-1.107635800918374,-0.8424125732344303,-1.728092286250944,-0.7357040427590156,1.6805506790368188,-0.8917816355982549,0
-3.344191250428156,-1.1330178664799415,0.21647469854502063,-1.6338697233892023,-0.39543890155304395,-2.844095476651961,1.0985208393135648,-2.5934761237545514,-1.0066457581663815,1.747920601941547,0
0.1151627330462369,-1.8521226811059355,-0.30736442386128565,-1.9912705737733565,-0.7509405372188451,-2.013796764264379,-2.2271619994976204,0.05772744460458634,1.9555477946525288,-0.09289027035587716,0
-2.550812174883289,-6.626382761040923,-0.5506451414763666,2.899416776592356,-1.0264359607980664,-1.349672319631407,0.4549597243804373,-2.809291360125516,0.38013572707033566,-0.7533916129092804,0
-0.43168249184194674,4.92455796668871,-2.6247280934104094,-0.43553271102595903,0.604179373875919,4.166999796622653,2.2260053990124664,0.4053896384817942,-1.1870552526758487,-2.2844352497077245,1
-0.061066554312055835,2.914368778905459,0.16058377541242588,-2.309766771807686,-0.3680092371674426,-1.0857868088061322,0.09417459744514811,1.1208915697694208,-0.3009049695886672,1.0405932451628848,0
-4.233400002122174,1.2330156558063334,1.2203303420876719,-0.7989982049568405,2.920878569666554,-0.6476038517864973,2.757458862606435,-3.1407471380150236,-1.42903801244688,0.17853345222469796,0
4.838725765722639,1.516197241947346,0.5595915212941889,-1.0094080470928843,-0.8671267671533314,1.3980475335648301,-2.297605033546077,0.5693273507680212,-1.3998634462944528,3.4363228789252247,0
3.190206731516661,0.8843624848262198,0.9540133262254128,-1.1938720411265917,-0.15350061365966172,0.028745072576842112,-2.1678159850587666,1.033247908126822,0.10051457059922769,1.8775598980479287,1
-1.6152811913999474,1.2844792716587994,1.0101895974421526,-2.072822878205995,0.13225590306088342,-2.418672237894704,0.5587136671328691,-0.4095274748365799,-0.5826151853006425,1.6861988722011563,0
1.8431813469377722,-3.067681707374349,1.8564409853267634,2.036977273254354,-0.3747198559381135,-0.6924043370226979,-0.9766654092428884,-0.7838441533111707,-0.8736605980725847,2.4999471241574653,0
-0.9559340872952505,2.40173519353505,1.286215161674627,-0.8335464121446055,2.1180684262364853,0.2777952268049646,1.1880803755479472,-0.9301382741078664,-1.0899050703793642,0.7026080230627441,0
1.1795511279191617,-2.223630298450928,-2.163674862494538,-1.1234818047474193,-2.0204514160471008,-0.20790287997988477,-2.4803658882639144,0.5795791137951465,2.1127782537183895,-1.2294103644184402,0
1.1647950118239618,-2.370756059784747,-1.3382475011255255,-0.6379837879083454,-1.481394624563658,0.032622364941880644,-1.9112917443637758,-0.8132393389379592,0.6782765434937974,0.2995052463220882,0
-1.5503836943051044,-0.20512155751266084,-0.3140035715027541,-1.9649729364683828,-1.2616290589566015,-2.2048834655999876,0.2128448459502973,-1.1684901873614648,-0.7357392360722226,1.8076306923479923,0
-2.950713829610578,-0.07232155969790027,-2.5576580259539217,-2.123993944116232,-2.4356244303689385,-1.6362436332044226,1.0272770606325965,-1.0195436879430815,-0.3435206975645143,-0.027225402444610802,0
-4.132751782417255,-3.19443841994317,-1.319900857093419,-1.5647800486349825,-2.7724368617560056,-4.243563779022775,0.7489480649852095,-1.9644753403637316,-0.033076540182416535,0.9986145066213987,0
-3.4464285228532736,4.413406800139257,-0.15929336176689984,-1.0625991027039152,1.2329549009554,-0.4596552969907086,3.0357166723352593,1.4257826476546405,-0.03802827428154528,-2.0698214163317257,1
-0.21101288523447503,-4.337761921702058,-0.15710526969046074,2.2816093511077447,-0.7976897820647888,-0.6376534561335165,-0.6608433830006494,-0.32507261419874534,1.1890088359321707,-1.0690929425725337,0
-0.4689180490741124,-2.0589760264084354,-0.6478795192429153,-2.058729648051,-0.7224745296067405,-2.0736431107559867,-2.0830098676589808,-0.045022815906878066,2.2798538110594717,-0.7095679259271219,0
2.8668243357397856,-3.5238564363761427,-0.5485985349802658,1.248044212599762,-1.7842623054047229,1.1465255883748369,-1.79558287537284,-2.0702929767351756,-1.3778968223410617,2.634614038570602,0
-1.0350260511923868,-3.1560969261550236,0.45181828505929267,1.1572901704437129,0.14759922087913324,-2.064793553726621,-1.0649048413457247,1.8259781492197518,3.451374363190621,-3.07573636950656,0
-0.45510851403864755,5.798596773172564,0.7919243065908687,-3.013260447644844,1.6348833448027835,-0.01740990069566417,0.9878183280868742,1.2095273704141287,-0.6472699772838922,0.5156982291208632,0
2.983604319932959,1.5484264293756356,2.166487060709494,-0.05023721765354994,0.29687607394374815,0.42811821296100816,-0.5208406792415441,-0.3698131079009852,-2.5262957249434344,4.2122561874072195,0
0.8378229694194559,-0.40234926690432293,-0.0031582283277147597,0.2603568651782655,-0.8672486379447886,-0.062247816689561586,-0.2635232977553119,-0.028076606078148436,-0.6255260839316753,1.1174910543920284,0
-0.02486467998446275,1.8427208321729813,-0.3703027450462242,-0.3309836253964593,-2.056775779536445,-0.6647594991779247,1.3086167798798773,0.60752772478682,-2.105766438415898,2.238968703973515,1
-4.476115397451653,-6.291616310814981,-1.3884716711079803,0.8248572846984279,-0.8761523745725361,-2.850204932306255,0.08523235517305539,-2.1576992324087207,2.4743115776309677,-2.808162236651456,0
0.6247583350858013,-5.192332799320274,0.4627646948774296,1.731603565648682,-0.8432696964940337,-0.9676931049028705,-1.4779997502279,-1.7281941305696855,0.35327873896133605,0.9786338559841972,0
2.1655832467460256,5.491631881992792,2.3106449968694496,-1.8808853228496951,2.5372907341143476,1.1783542489996117,0.017743210620132843,0.979308364882669,-1.420270604625814,2.0803024480219356,0
0.8530396744013649,2.1205973364393893,0.39127639842187295,-1.4267532094351874,-0.7055459559253257,-0.8942243878507931,-0.28681760681591806,1.4346154459417702,-0.3158485778002517,1.2974329584039774,0
2.7912144222603716,-4.040012509875949,0.15715453493556458,2.8388760673043385,-1.210074076183259,1.452164008212009,-1.2102768394917356,-1.8490815786464496,-1.4664670940070128,2.2120769376307496,0
-3.0996164699729647,-3.429107309021724,-1.5792797691892884,0.10371089271317391,-0.8853429782576233,-1.331561427923134,0.44017562862888404,-1.904939857915795,0.9559766633228255,-1.548976112687004,0
0.023238865713487628,4.2331394632700725,-0.388288156952076,-3.1305415927784512,0.16087037997099607,0.19538886730246618,0.3678317130361852,0.10134523343708945,-1.130472449103465,1.3465328672182157,0
1.4721693929230504,-1.733005775005674,0.7340626415477703,1.9337004368357817,-0.8602639888081152,-0.3872548963044681,-0.6452227134048734,1.2959757011435373,0.36622790699585217,0.26185334050961895,1
-2.428061438575705,-4.4104487475262175,1.0018348002053339,2.4893410559716083,0.3899104612109112,-1.9344697596228335,0.6452043465782971,-1.0042354077721962,1.034665177996532,-1.1895777218019137,0
-2.6338225116435523,2.534132816025515,2.7786202523537957,-0.5524563824530486,3.7011004029355665,-0.937847945681936,2.0478601936659424,-0.8373994330507886,-0.5810198745958193,0.0569253216869976,0
-0.7681904390382736,-5.0865282532325775,-1.368284338873018,-0.8218827494276173,-1.754455790745102,-1.61289334066478,-1.8412180040358779,-2.8918451331213344,0.7256481725305488,0.7598191977370987,0
-1.0150656525440178,-6.917694832736578,-4.275348609189776,-0.004863644845611637,-3.3687376877455795,-0.7430989251080591,-2.6282120776070643,-1.134041265439482,3.5007408722665123,-3.4027225989586967,0
-0.866804386117047,2.8604593146804844,1.7741108732041277,-0.8679742941477421,2.699743431473154,0.4038410159259025,1.2903070776461676,-1.0236382297154687,-1.277064271942547,0.9163643931382311,0
-0.2361186974068781,4.197468372205586,0.8228402351656378,-3.519936685017701,0.3035094580368797,-1.5239354069991866,0.15347072445121834,0.7782052006092881,-0.7387552312102722,1.9684226049876257,0
-2.1396878896928158,0.29555311495287595,0.9292246105792887,-1.221922667071107,0.6534956886051726,-1.7138014844834033,1.024726472911431,-1.73269613643064,-1.0361634782986968,1.5198810458582894,0
-0.20725759305726374,-1.8842223971764094,-1.4194086828604253,-1.3259873151849932,-1.26873469596248,-1.066319827386766,-1.6319789803374714,0.10114101856482405,1.845671714759753,-1.0474640689243102,0
-1.8547352306262483,-3.255826278520927,-0.5249385247412255,0.399674922083071,-0.7575987017510464,-1.3273734728673863,0.12893992063660886,-1.944060508430863,0.1287848102846112,0.050025659568830205,0
0.59755115586464,7.123900885391954,3.4946312052590107,-2.8901807541568694,4.502719004262794,0.621651270026172,0.9396384940019034,0.3349513024831008,-1.612194115856748,2.077037326038609,0
-4.1167921095438285,0.1460844112664469,-1.2840641235517134,-2.039146353190018,-0.288585330565337,-1.4120220042871896,1.8854369509488476,-2.8511255024502677,-1.0963069147945321,0.3744118531645052,0
-2.0591265090265365,2.8275424184832603,-0.2921436192296102,-2.258686628509317,0.7828418710307672,-0.3161795943287705,1.3967315033606233,-0.9714351907074282,-0.9459298123719818,0.38093248349138875,0
-2.937984700781072,-3.6517891752950074,2.2290066581078927,2.1680727861155873,-0.6059502219803503,-4.263162460261466,1.3788525025224012,-0.11694974705694805,0.08691406742188752,0.8621347483375988,1
-0.1317380045716213,3.2254161800031924,2.818336869518457,0.26467613676850865,3.3915754925566297,0.46723284864891146,1.2270758881010126,0.6469186981466875,-0.5380817425809663,0.10455981492223931,0
-1.5060582714386443,4.006053892250905,1.9969544766683867,-1.1747494503434794,3.2179617010455717,0.12572075297378027,1.7574529193000206,-0.21726839465390857,-0.8454072421976799,0.1467282422428522,0
-0.0033573448611748007,1.1870898794858187,1.3841343109210376,-0.903124580010152,0.4767323799355947,-1.1900560743060566,0.10995957305811566,0.1357194035154503,-0.5999151088279914,1.5801738679851112,0
0.8710731246523331,-3.39983187394,-0.1785697137444015,2.037114507546068,-1.0392593650182822,0.2697843501055843,-0.6122373573178035,-0.9686039373533285,-0.25515337323624687,0.5416028487529367,0
1.0857179157301589,-6.86613817371835,-2.6764226402879694,1.7898018755918712,-2.466743100251852,1.2158956578282227,-2.1547515265518946,-3.112700863505856,0.4630017523822971,-0.2078825263774846,0
1.190906625074734,2.339145851848213,-0.9380537739398918,-2.7125859872690734,-2.2755711329015824,-1.1763181150950834,-0.9125386668524695,1.7124766795443307,-0.20348115278887374,1.6124458654694838,0
-0.06898008200426815,-2.271154646071312,1.4331290549435665,-0.5454559516352313,0.2238375971452926,-2.7309125643685457,-1.743554718980608,0.7230136308500212,2.1049747415024247,-0.12038236815245607,0
0.4261763214087726,-2.730628257629071,1.045911740343302,0.5666024213483467,-0.17448643290671828,-1.3641046160281902,-1.1115968482816316,-0.646805925204796,0.4170545678942792,0.9933070450870549,0
2.2309901153406773,-3.7356059808507913,0.7913777403396371,1.994555028130696,-0.7030732534974333,0.20383547968976656,-1.5388504556359033,-1.1359449212460373,-0.45427494670965274,1.7610044318794968,0
1.0698245446663193,-3.0061250687837355,-1.415966158841752,0.2135136847155622,-1.7814152862176966,0.41859572947839374,-1.3660217182862826,-1.6416004832607292,-0.2676251681749467,0.9414497209150385,0
-0.5399012725083051,0.0963963980307928,0.16630759990977864,-0.7151968666681381,-0.6826356788367636,-1.245710808771666,0.1793653679610806,-0.11990760783998466,-0.4285237759133221,1.0637428214266351,0
-0.9811130686232079,-7.698916589817234,-1.1573014224310432,3.846629877869028,-1.1267762025711296,-0.26792312520264083,-0.9183478845957688,-1.3959996290834331,2.153067296616989,-2.7254852312599374,0
-1.9227260490553815,4.181237490423807,-1.587780218282301,-0.522682568917137,0.6176160029710729,1.8511954146091707,2.5797971450195547,0.8092073602867069,-0.6157827449976677,-2.1834043872161386,1
-0.1051622689956928,-0.7027350238945578,1.7416617985787208,0.2548938436072644,0.7502961184910659,-1.6000647877941105,-0.3814266306438131,0.5742039958926548,0.6809560404485795,0.3428976244368296,0
-3.4583161138148837,2.827044009317476,-1.7297974369731612,-2.2142716975210313,0.16810368616353988,-0.14787370123409949,2.1528859611039857,-0.7147631795647491,-0.4039791537474144,-1.313140231706278,0
3.8918698010459183,5.359654224844266,2.806293150596012,-0.9246428331372865,1.7518332243092023,0.7285449300982352,-0.9318555195602629,3.7465044071878735,-0.1819203064945566,1.4640110056549058,0
0.5292083710445876,-2.290979895325404,3.0130538002306504,3.158936876123258,1.3622450080089656,-0.7810102279063623,0.28788253900126193,0.022584497707386686,-0.3147993658911777,0.9137828101342285,1
0.17089751101030135,-0.5191698350102871,2.179904367402764,-0.046712547440375674,0.1271082294540643,-2.3285381588240437,-0.3277331671145147,0.43089645590966064,-0.18754591655730338,1.9398822059749663,0
0.10987960124862874,-2.383855488613223,0.37081400395882613,0.11569177627721983,-0.4652876095820112,-0.41122805596799206,-0.33552738752877165,-2.9357565669713486,-1.6657739360896675,2.7125403640330648,0
-4.410286564992836,-1.9341288608064382,-0.16870195835488547,0.4087994913229931,0.9168114190656127,-0.9590998800346227,2.3665635154085782,-3.6461573261167044,-1.1035687741493578,-0.1795741733984002,0
-0.9881914227815954,-3.135325704853809,-0.6247553359890451,-0.4536648532468175,-0.78345356704888,-1.7007654695285879,-1.2372268411586655,-0.5578678055938175,1.755328668440689,-0.9104788933174507,0
1.9262610402587268,4.352424078859104,3.171895234191536,-0.8659730836668329,3.212625314341405,0.9480262338847347,0.14177624670686895,0.5587200187882491,-1.3545355035844482,2.0563273799447677,0
0.3645282183660079,1.3667961887844178,-1.1269117088917038,-2.581470813816604,-2.1712372931097903,-1.201864625747734,-0.5867126586746843,0.3327670790891486,-0.626187292214333,1.84384991090044,0
-0.431997323455161,4.185606434994371,1.4007451542755034,-1.6629509619457572,2.0455381228172156,0.10908262270621538,1.0422279959801513,0.47295513460143246,-0.8085154304208815,0.6383436510174999,0
-0.6693291737495267,2.7847320745172652,-1.221587347944526,-2.4743392391881924,-1.0789361554886776,-0.5224222072335643,0.43671199974118347,0.6870629972878841,-0.37773061199197605,0.37464298125198336,0
2.1492608490422724,-2.1564166131782034,0.9891294849329089,1.2099396666149107,-0.46551792903637024,0.4296022566939508,-0.9542648331408679,-1.6718103095377443,-1.635285184889207,2.9308333246692206,0
-3.699558933880631,-1.0788435665156806,1.8494484480546969,0.2272075184767195,2.1096614514863794,-1.8294571966692823,2.0029676408787775,-2.878273863837472,-1.004295039305531,0.7529924562370978,0
-0.422981600619614,-2.1429968482468893,-0.20953066133144857,0.3822177321308291,-0.7070105932893942,-0.5601622491299492,-0.1569071627247708,-1.4506591422068875,-0.43237760614087345,0.8402411999259525,0
0.161521022130431,2.889733860815134,-0.5195638374203504,-1.372201021564405,-2.0546999212070434,-1.2812697576704615,0.5959883161667285,2.470691504800782,-0.5192515463522525,0.9455831284153188,1
-2.801101803084055,4.8270078015400895,-1.3790714684749223,-5.7317752430257025,-0.6392076498093757,-2.0134532369104297,0.9971209069041123,-0.5893804153800024,-0.8752467118008433,1.3471378597752663,0
-4.366085415927587,-4.716882453071297,-0.4048590946480462,0.6938888439848679,0.06758810721440645,-3.105075178930876,0.29271396463616806,-0.8030964289843134,2.9345513764548814,-3.2632982756135323,0
0.46915658629144075,-1.5254693055849065,0.0025799705626878187,-0.9530770628124821,-2.4420922835246537,-2.4315816403719186,-0.9972252628742286,0.012211967855498829,-0.4106961443897088,2.482548802253022,0
-5.194842147179019,-6.07966538039183,-1.9168745171165,0.15207428278732826,-0.6917993631687424,-3.639807797753329,-0.5255140323161854,-0.1367627129106257,5.045198704785443,-5.595469023584456,0
-1.7586756137049269,-1.5454061710845257,1.2046734418428027,0.45099958239128823,0.6844011137948582,-1.335962427868858,0.9056570279168008,-2.0604954300497,-0.9697394341658336,1.2968388444236172,0
-2.7314116627151006,-4.658804947596379,-2.3529255543055116,-0.562513454315946,-1.5234702557363073,-2.142238776346988,-1.2362557146633404,-0.4309148080172407,3.4428105061925494,-3.42792605824715,0
2.7645108874968334,-1.7487605571776654,3.143374634897595,1.6220214141159013,0.09115586483322391,-1.4579472387371402,-1.454306197625673,0.8655169906911282,-0.40105670220482836,2.8819914911483258,0
-0.18557672997729424,-0.11902996740482796,-1.0946761891750676,-1.5023276632874287,-0.825982951023188,-0.9864089738185526,-1.2052910227694194,1.4207035298005928,2.083495344456773,-1.6187323939458307,0
-3.6854422291534616,2.889186907235683,-0.9587635582428364,-1.4064921532878378,1.468700327144707,0.5335118299011798,2.713667473245871,-1.3972022703840627,-0.8152978473630744,-1.4155527432275337,0
-3.9876007072999142,0.8504990934501022,1.9298992080208985,-0.7472916367927291,2.548516334865373,-2.0005729762204885,2.2521751376262853,-1.846186030161386,-0.61882953332722,0.20319283946635347,0
1.8664020970980224,-4.521140423460428,-0.4583855865550093,0.9741543471058864,-1.6590559116644727,-0.38633886871105694,-2.3762266209081906,-0.8496029774254508,0.7842922276393174,0.7655282356273734,0
1.2622388887149816,-0.15856513071811626,1.9602735319011078,0.3335085061770735,0.1663263310717935,-1.1517917876187458,-0.5628646976940537,0.5423116818142297,-0.47309492632669414,1.9810387870351311,0
-2.338269362522287,2.8378317841338276,0.03444516747603548,-2.9463369499179657,0.8150892951652293,-0.9764108289381463,1.3264973742491433,-1.552242459587068,-1.278950797101656,1.2563488502302333,0
-1.5735329738071764,3.143944913340826,1.2297522502074034,-2.1836911405814776,1.1130149973896866,-1.6932010569265796,0.9874637969092881,0.5735389287442396,-0.27700786611166384,0.6974550535676709,0
-1.2777988123886177,-1.165311203534295,1.610511755322639,0.443688483954062,0.8496865550708768,-2.18096171019119,0.03618497671990939,0.721014125950326,1.2967983955100786,-0.6495417945640383,0
1.7092323865905246,-0.6228958138602663,1.2858594873073268,1.205779333127684,-0.814984850441866,-0.7731496493676643,-0.5277101525463499,1.2789674136796025,-0.36072802046956026,1.5087298383184367,0
-0.934400021055224,-2.776570788697904,-1.288972538375726,-1.1859431995415028,-1.0324590354405452,-1.6206931837295433,-1.6431125171823933,-0.14719279119820894,2.376015379962253,-1.5600198085436303,0
-1.226836962855308,5.6597833998746845,-0.4314303004782687,-0.7343601376417757,2.116903704941424,2.3359541816335203,2.46134144748323,1.261445548305722,-0.5774075031198052,-2.1094246987658214,1
-0.6498831056113914,-7.825217258117925,-3.3835605909233712,3.012780491078396,-2.9159481510207836,0.7308099634205416,-1.154221789110388,-2.2956240490701534,1.4451701993438342,-2.350175240722538,0
-0.9710309851387848,-3.0277052403373848,-1.9687514039536471,0.5883200001164746,-1.7109010978536097,-0.3196133482436101,-0.4149779481293746,-0.5097306195021516,1.1161035408441473,-1.5358682970169033,0
3.6917122990181777,-1.9752681801543905,0.4985387355082453,1.2730470700842553,-0.9540709930107811,1.389179411410209,-1.7396488393244653,-1.140357549364989,-1.5556603691659574,2.978637631082709,0
-1.225911579119875,1.394065303235642,0.40076000454024857,-2.0442398233350696,-0.6239840065683051,-2.3449705594935883,0.31206347736283846,0.518493003008736,-0.1329694890947984,1.1561992462813397,0
0.7489646046781275,-0.9517534573110387,0.5315281223742113,-0.2276241809842654,-0.3104276443352434,-0.6000267574109401,-0.7997189360141126,-0.5499038849511411,-0.27970677478706923,1.3717544315070858,0
4.6919165736968065,-2.101093432573284,0.5537379087126321,-0.45322310267500965,-3.5838264586488817,-1.5952240150116654,-3.2721017021013274,1.0387409079460865,-0.7662707564375405,4.5906706248948606,0
-0.8808666727766353,1.6475550130699834,0.3564540030370843,0.8728481333203858,-0.33130641356528445,-0.36638850056686445,1.7765555655399377,1.3137185889049883,-0.791745035490379,-0.0407142505043836,1
-2.7901685748983653,-2.8826855980613018,1.2166821505850913,0.936390055715428,0.5653161988650601,-2.8284680718058617,0.5302740327378195,-0.2979254271377825,1.419773443765528,-1.1018027426917234,0
-0.9040499262353432,3.7400243645737317,2.527429543514043,0.7813349888557595,4.378943821618494,1.7334497999586636,2.1891070770848895,-0.18907424175801257,-0.9665336026398393,-0.7257079836428393,0
0.3924678388633338,11.48440620949424,-0.48163517898725206,-4.809495210973599,2.8279974195744,2.9717169943636788,1.7025381535406625,2.8459765323177004,-0.830279294319161,-1.104308691204304,0
-3.1356981100838865,-3.498735728834006,-0.25342015558674036,-0.32257733066727723,-0.1362756402980405,-2.828307261999563,-0.2377676625754246,-0.824187693693766,2.196911551321042,-1.8198370999893716,0
2.212339871991711,1.5138982864561557,0.10877300173987199,-0.8514995803539931,-0.8435907057085505,0.4678036305507509,-0.7860250443054999,0.5787127153117699,-1.0377259318665717,2.0161063854127623,0
0.48417649837338966,-3.512435548711051,-0.9421291439641508,0.9404327897920737,-0.9538714034214179,-0.42239109976154443,-1.76544309911951,0.7102900377162589,2.4568041445673234,-2.0930395584712906,0
1.3299852163167836,7.543137279081865,-0.9264635902887634,-4.068946256704133,0.5378676078778463,1.8739682858236018,0.36355267922625534,1.5821183765229856,-1.2069711556679152,0.7858184441764267,0
0.24200857482000915,2.93384654914537,-1.3557673710118414,-1.8025502276162628,-3.6054660129901994,-1.438712690164826,0.858495934462306,1.891763922919842,-1.737010197164199,2.3875767021577428,1
-2.8909080219539565,-2.977705919438266,0.8827607864126127,0.5931454647034637,0.5024473704610402,-2.668077432042192,0.437519060635837,-0.7901917332100898,1.3175861990618267,-1.0194558643760945,0
-0.4792478503663631,-2.84600115570503,0.46353130705146434,0.9060480556119463,0.029941736753881898,-1.492488045943758,-0.9954620049574173,0.7322307381423725,2.1670692801581626,-1.5880086116064214,0
-5.362777143060911,-2.7469241896331265,-0.7634291565339423,0.16323223390260155,0.21909805019484851,-1.6815194331197996,2.5232473901498227,-4.009478496569427,-0.9292767684323401,-0.35838155485134293,0
0.7462104146714315,-2.2559353127070594,2.6275765903232595,1.811324147317606,1.0756514055392241,-0.6873273430684659,-0.14312315639580997,-1.6097562265766938,-1.272232230878968,2.497198591259769,0
-1.9529039247968156,0.9320325935563962,0.7932021434989918,-0.632185767128514,1.493382071021159,-0.36842111310682535,1.3716656942413519,-1.6883960971801413,-1.0194625645323725,0.5882191093580569,0
-1.6577067826922744,-3.2591950358449218,-0.8912302573992911,-0.7162333714395195,-0.654347309380265,-1.9815948638125285,-1.2092039886588009,-0.43076238782084664,2.3859828170070037,-1.74056928567403,0
-4.297727930302561,-4.765535165703023,1.5584859798368775,2.581683699756477,1.0040384791234884,-3.098267818709411,1.5270331587169754,-1.3564034742308344,1.2681989709543762,-1.661685075702888,0
-1.209005750576131,4.119014807117744,-1.3540671274667675,-1.369694016502914,1.7503521322889475,2.30820034993486,1.360657989407875,0.5343911211217061,0.35045584988610623,-2.7140237479320364,1
2.74883550337338,3.083007587922306,0.6296127527488548,-1.6881486157448604,-0.5683284631484014,0.09597821852639132,-1.0841248302852975,1.8299254046978133,-0.6600882152232699,2.0857560431049507,0
3.369801547297984,-0.4507395072689745,0.05727662293104105,-0.10052927963606972,-0.9499083273572232,1.0212174878133036,-1.9078511712630926,-0.04252082188859663,-0.6984807329310155,2.1067239655356,0
-2.0501928647015157,-5.311618147692451,1.1743567088922318,1.490539359875481,-0.21378476140473368,-2.0488057367240513,0.4660366924487286,-4.353987803871377,-1.5915643294791508,2.6458700393059758,0
0.32514407341117535,-7.163702424693048,-3.0618689666032997,1.5243863296142703,-2.5879405086699316,0.1591980142417242,-2.6367568557052268,-1.206362412268447,2.778077010924366,-2.6216269989838343,0
-3.739135465210041,-6.06617221460816,0.14939171179786656,1.8900996151432943,-0.016975605582587816,-2.7230083692441918,0.35606057718329787,-2.026535520355179,1.7737494772693343,-1.8567230801043475,0
-3.001486176674088,-7.407156807468135,-1.8653130536956415,3.1042886427222354,-1.5151535667211817,-0.7310171935454863,0.42894405389000445,-3.0065391911028803,0.9596310535645809,-2.0807904837663056,0
3.1494540747088395,1.7379267776562772,2.22652023643815,1.8482700960156189,0.5210113907868241,1.2037146259843543,0.12187927392482356,1.3700206882703032,-1.8233103905627714,2.370541531640752,1
-3.929734222872766,-5.2455485398568955,-0.5268831088041063,0.9154691566822114,-0.12058793434738324,-3.0268856826315833,-0.16375004137833882,-0.5153907790567274,3.3642141200837714,-3.5616707767763907,0
-0.8425782756063989,-2.535492416925007,-0.27367576518888964,0.1345580649500897,-0.3236802666956893,-0.8571459974922033,-0.49564086259268947,-1.2453808253043503,0.551503377806159,-0.15492983289688922,0
-4.388030420429824,-5.944092902433491,-0.20610717482506286,1.415648003207938,0.19809914163689513,-3.072100229841814,0.18571473647160563,-1.3554808717162017,2.960274959068133,-3.2656986682042386,0
-4.930076780059536,-5.639893791381819,2.852181911606884,3.7389261807691483,3.0500024276193742,-1.7615870269798908,2.722573366190489,-5.1272529682892065,-1.1919741594854074,0.2661987618452587,0
-6.869872715437307,-3.262178541402401,0.9558130521055238,-0.4418014474850799,1.4901560148008215,-3.4952835581989437,2.894725189547833,-5.353446179560903,-1.2448989110575086,0.8256573461073271,0
-2.349629945368323,3.203458228932114,0.6735816234945019,-2.7903906794495645,1.3816570072450944,-1.1883130257473995,1.402927718196463,-1.0614297169894586,-1.0183603697400447,1.0459294893322884,0
0.2579223288904827,3.1858051374773995,-0.3362585964372059,-1.0771971140046925,1.0237991117048146,1.345503689195183,0.3951300807834852,0.9778795338735304,0.10647133113740909,-0.9879329466208112,1
0.9898391577172685,1.4749506158062933,1.1812981668907634,0.9861775111797908,-0.28621749698292265,-0.3862840964800389,0.5307308765847668,2.1671000313649333,-0.41896884125161155,0.6238996743297235,1
2.1485510372384966,1.232696093985711,2.4053357590548856,-0.19198191808087373,0.7633120758379947,-0.5981436800902129,-0.7940120511656512,0.8301715922501676,-0.761110841555696,2.4655226329342574,0
-2.273631536740033,0.7453942979097434,2.4107544760854993,-1.1791681168445287,2.386877047822916,-1.648405530247412,1.2816863944504922,-2.5928020359567316,-1.5290283321144835,2.1971390769190453,0
-1.3582998642430881,7.267740935259917,-2.26681750587324,-0.1302534981140181,2.204859811172355,5.176442111430138,3.6883667367698436,0.9809736862204528,-1.3306738891264702,-3.603876375916349,1
-2.0613946515841075,6.066618959647066,-0.8721373429558554,-4.524088237618637,1.1094593756720588,0.23265445673571783,1.6114834233948039,-0.6850170801683442,-1.3678427705673764,0.6152616357642624,0
0.42845206949074605,-6.528522956968089,-1.955536679049746,1.9819708048259042,-2.1119285961103635,0.10224937027282865,-1.9161442139111222,-1.6510732218349684,1.4813726458747374,-1.1763396431047406,0
-0.10837598506253915,-3.331780688490533,0.5889222359523003,1.45153041807646,-0.05947678466248518,-0.7798211980001852,-0.6420623391707889,-0.8359137173826136,0.5975277245920306,-0.031495250210372805,0
1.2938814292462564,-2.694691995315162,-1.3476054305339382,1.1395513933782708,-1.7289374996080704,0.9250782573374756,-0.9487038398573797,-0.9063993484605133,-0.27038265125593125,0.3998196685114914,0
-0.43679789137777186,5.11070853777288,0.14133319470574923,-2.051451668951319,2.0508307450019956,1.7004826052387467,1.3897441835616695,-0.22315739912070187,-1.3206734202554538,0.16916038344674655,0
2.12345388151137,-2.6247241186740435,-1.9659887613935279,-0.8553647565378599,-1.966128760527421,-0.044162689781152675,-3.253681045524762,1.2034875119581456,2.74617819665499,-1.5280245768016514,0
2.4461914906812106,-4.610866165794498,0.08832090150133677,2.8694675470376563,-0.994290902695849,0.6167473789241131,-1.9571360744370723,0.02471930053152316,0.9571713118246591,-0.20171140405064591,0
-0.3594617285255991,2.703271524285654,-0.003148911552432949,-2.049016495855126,0.019630292853973774,-0.4876336910293002,0.4024108873722585,0.29705951597375413,-0.6403114146049618,0.9305621626981012,0
-1.371337758562985,-4.492459178566841,0.1605827076883078,1.089419671159941,-0.10171507613700315,-1.9777753356579153,-1.0722038444974702,-0.1801544019603709,2.5296593290284393,-1.9556594636908624,0
0.7084543561721091,2.0600293701973382,1.5259606030215458,0.5826484031110195,1.784389693612205,0.8956084121515249,0.5820699594589138,0.7622743521883095,-0.4487777035064226,0.07392888303838874,0
-1.817990459592721,5.862187568577045,1.8708531974311402,-2.176459595616489,4.298795251825782,1.1871448194896757,2.3104457783315704,-1.155508427922572,-1.6375942192553288,0.3579147258598441,0
0.23130104739594723,-3.321957086832176,-0.13293761620781186,0.5295598232137142,-0.9284817851829554,-1.1933583004114157,-1.4082682603393557,-0.2122265630030079,1.276658480810915,-0.2511500044653776,0
-0.6821048250214095,-0.5379319570011482,0.2974457320664108,0.3446178191827056,0.26568291691458756,-0.02760737229371868,0.6430056638992938,-1.3778987295885539,-0.9717735842839305,0.8377812075609745,0
4.501762590001923,1.207507984796011,1.269465168520975,0.10908072889017673,-0.7955597438531934,0.6343400713415293,-1.9200642997287143,1.9403149036067036,-0.7041163558798916,2.611037558895016,0
-3.5253441483436765,-0.18028998024198023,0.8195665285288104,-1.544510208429787,0.369919504084386,-3.0059373719839697,1.3387477969339687,-1.531248937325182,-0.4099583123339,0.9350493443104966,0
-0.21686267996795486,3.899773942002014,3.1847547454817544,-1.1373667033779487,3.398366786094984,-0.40209204331046244,0.9242331912594203,0.32275350502209155,-0.8126576095542024,1.2335182985375344,0
-4.72365041666411,-8.264611458100942,-2.2487550492019794,2.300927249831958,-1.22295825356376,-2.0212499874068524,0.18125778153701577,-2.7730934669031413,2.7704293892278953,-3.931882889151981,0
-0.8328232773047382,1.162292727216811,1.3615653153758605,-1.1182286970660504,1.2011444625339467,-0.806699231560822,0.6256080669528608,-1.3280786159770526,-1.2054879723409457,1.7886875971841212,0
-0.5239899340244393,-5.5626221903716155,-1.1309354075564306,1.4737822195258894,-1.21987504211158,-0.8145570759187699,-1.4830850900963684,-1.0672655352574563,1.9596156338532746,-1.6087019658699795,0
-2.8263806919077736,2.9550766198289393,0.8588852095777606,-2.0341447882530925,2.747797309627166,0.1901488744290496,2.1110061726286915,-2.816139436428564,-1.8293363368516122,0.934398861504623,0
-2.873692003976346,4.753120308456118,0.8952052053364196,-2.726469029455429,2.7050331629490643,-0.3191030294737608,2.1916836136207403,-0.8296996122652671,-0.9684048964048876,0.018424846849347865,0
2.1980320226922316,-1.5624770570188702,-1.0583038209271307,-0.7159893629587117,-1.4914547153284834,-0.13744281801000036,-2.6483730588935583,1.2953004684174636,1.9053711083868916,-0.6127667135156118,0
1.595731668538329,-3.075664939405634,-0.4869756448582998,1.2211395036362098,-1.5238090439654808,0.5102891931252338,-1.0601940316246312,-1.5507201138494575,-0.9297514534925675,1.7188421337277693,0
-0.22545432362047876,-5.232025119600876,-1.0306085924755766,1.2796432846589632,-1.424061028549175,-0.36422407717930827,-1.078970230630324,-2.514641842818822,0.198034067034351,0.33720992670872785,0
-1.252256981518575,-4.936200054869228,-1.447926411945918,0.05829250186852297,-1.4370106666376574,-1.941381018683216,-1.8105264780136032,-0.24442841629931877,3.024591968921115,-2.3177666168881403,0
-1.5583661873415606,-8.975731488083412,-4.876570633429797,1.4662716753117004,-3.777259902202715,0.056005783272991216,-1.9742343346540077,-3.0905463868747263,2.4263923673698335,-3.0342618259901455,0
1.0262859322453972,4.452126667429372,0.6685557749626564,-2.1165375327002627,0.8428644907475233,0.49145765110289186,0.1896299430593813,1.1174693557923665,-0.8800685581487102,1.1960867408978897,0
3.2571671846574826,-3.0490656002097936,0.8771278660289781,1.6798528798892138,-0.7520215382557736,0.5845551328581284,-2.0161829510635467,-0.6933566575660343,-0.5371037359989614,2.1582697145007663,0
-0.16694030449520172,2.7267394656043713,-1.6602803535159616,-0.7682706054765577,0.12447012161953741,2.247631669614562,1.021800519443078,-0.191745315809565,-0.8609610904380046,-0.8115085390611548,1
0.2787160999832265,1.0911502410450475,0.6845335601630427,3.4978519206590115,1.226586368962523,2.417813264466414,2.1027514115742285,0.978609120410789,-0.9939072050395487,-1.3098953388428503,1
-3.0741758993829236,-2.589609114961937,-2.707022649507188,-2.611718450234779,-4.431670729442289,-3.926274718970179,0.03628532888921554,-1.4158170833327195,-0.16260944618712234,1.4662827614095795,0
-0.3449838916590396,2.32436496475555,1.7634542064895267,-1.6436593495575584,1.8167386088145911,-0.41903326965217746,0.5498683436102547,-1.3016850690190764,-1.5082117349039184,2.2172858445517094,0
-5.614127507361088,0.6323999990819595,0.15626445786049878,-1.5293018022015925,1.5999467938723761,-1.9830580102117374,2.9179204565050276,-2.8426701750182692,-0.7809778956911496,-0.43541644452764783,0
1.1621608181823626,-3.7418895595098034,-2.355860733304095,0.4078426492845013,-2.0796235177533005,1.3761501992060916,-1.463678447547993,-2.6166866271999334,-0.5273125524949329,0.7473967244824729,0
-4.83552665744942,-0.7812620198812996,0.5773777421709008,-0.6105105076692408,1.5473621306014325,-1.8227768827644646,2.4293795075824,-3.2909032885303686,-0.9350658634182342,0.10596763524836872,0
-3.9335876768636497,-6.304953639013236,-0.916823033483696,0.5204791196823699,-0.6452177050576552,-3.3888613679062822,-0.7245294348864998,-1.1681808839152739,3.491582854725668,-3.225318738083363,0
0.552892095442943,0.7052625233890214,1.4098341231179192,-0.023112873376488263,0.6529325239743526,-0.7364055858908527,-0.2261379608515408,0.9653428643633137,0.1946662597506677,0.5249072568018931,0
-5.623631531298079,0.9001648252175,2.385878135367202,-0.7357844493473565,4.061073351233857,-1.7861477192164221,3.2971079309790885,-3.572139812121239,-1.1833112769084475,0.05639547086654262,0
-1.4263014144788437,-7.589508837581718,-0.8936178475186538,2.2247364936504797,-1.0760030924400281,-1.2120135992305556,-1.2241832928101266,-2.712876842271199,1.5742224480076006,-1.1923782283086115,0
-3.698479893563457,-2.591436625459775,1.584485599703155,0.1566642126427139,0.8027613230684165,-4.13101426540621,0.49773646081175626,0.3633504540106658,2.2984144873949117,-1.6293687161492283,0
-2.0461880648645696,-1.4333217577284982,0.3771369583198333,-0.8215925095423882,0.13716590765836734,-2.5258051064903952,-0.2579206174872075,0.1848073802996748,1.7126774630085577,-1.0416411585239822,0
-1.1853984258249068,0.24197164105052388,1.4025911139291185,-0.5403565574396998,0.5182597888432452,-1.809836941163663,0.5893222998762417,-0.376781658369461,-0.4643765554381419,1.2196929329857056,0
0.349321523275343,1.4909330143596045,0.33542593920955394,-1.3720039292209223,-0.46499916891117565,-0.7799309884665391,-0.08524088492498727,0.2906606132777092,-0.7072482919114419,1.5654763357567454,0
0.4821818113178847,0.15925613184858103,3.129891817238088,1.6209423256806912,2.612913757392623,0.03280990263028438,0.5332077444688279,-0.41955316763472705,-0.8062928641202658,1.1488408236286902,0
-1.0205429693398882,-1.720690635727522,1.7902313223440753,1.1081939532315244,1.01337853726348,-1.0842520457430276,0.6661517324307613,-1.7038447192307946,-0.9090601970405267,1.3831050372507434,0
2.5588206509062976,-0.7306369448762517,-0.6429704435303932,-0.9912859563279859,-1.2955533433567599,-0.5718390458948543,-2.975465571528027,2.7558669910997966,2.745013146143666,-1.1907221477070369,0
-2.4577780449163655,-0.7071006146667754,0.5849094988953863,-0.3834069723448674,0.4258849522841819,-1.5400387280035086,1.206966447416045,-1.8468560115501447,-0.8161901619688966,0.8717276486117169,0
0.6643696260887454,8.233749300036965,1.864418836985261,-3.7871082831733363,3.0710353418969047,0.7442254828147619,0.8216111179346931,1.7483406306918625,-0.9893308433858404,1.0749278092916141,0
0.647594909744483,-1.1966996528198457,-0.4362553654530972,-0.3893655928594346,-0.8779955888844981,-0.590270596316294,-1.2109065757204418,0.4099206346025219,0.9260490919798358,-0.13207488914866994,0
-1.2788219052436098,3.686032261106051,2.5699058024845494,-1.1642018987694007,4.0030646603633375,0.5905783351472003,1.709135588195326,-1.706995663536214,-1.6953802709409989,1.2136217524625912,0
-2.675892881061612,-1.3609019613471967,-0.41036767661518947,-0.5304330588740617,-0.677898221245766,-1.7562773725347207,1.0481140558908941,-1.7477116627763423,-0.5504009931089352,0.5505869335828137,0
-2.026460800713668,2.3695251379522135,1.4612355192764854,-1.3966288921394765,1.7072748265649471,-1.3506483586248323,1.3567288758966676,-0.21156860607992678,-0.44738982701686425,0.4492007496646492,0
1.4526615969285572,-7.31133706340553,-1.1715421873315304,4.458334742946393,-2.0928831946212476,1.7702265468274914,-0.7318309655543853,-3.586738428369099,-1.476970860854881,1.2818253965031845,0
0.005725039511384795,-1.8067451462574808,0.7450620625217144,-0.28032351499072816,-1.3318755960845898,-2.26976478967305,-0.6052162984130018,-0.42670470513969716,-0.3933989722956753,2.14139686229097,0
-3.611346588499816,0.09884121808957566,0.9994238960885933,-0.12830345911605,2.7868941104338916,0.06396789014204751,2.399825610658934,-3.8922549816047733,-1.6859812192308312,0.40846696735959886,0
0.15405150369624318,-5.569574325754685,-0.6841949013705869,2.1653488105189957,-0.871345595194301,-0.4171654405333879,-1.6362035937835597,-0.5582294751087419,2.113753900039469,-1.8050169618698035,0
1.0734332006708174,3.3119054030307105,-0.6145104982868165,-1.5055580959787105,-0.22383862735024218,1.1351455346816244,0.1445089330901833,0.8158978662514327,-0.8610300321207346,0.6531102264119545,0
-1.7791817665466436,1.0134445576086444,0.20559770322121007,-1.8684985448338185,-0.044320139446468954,-1.6373859585211146,0.7287188094772917,-0.9268773144658606,-0.7055081156725796,1.2077278476669973,0
-0.5125756584046797,-5.375851852773281,-0.16068779676572786,1.3201126741572564,-0.7470348002523505,-1.568507212241839,-1.58167575366447,-0.8079263228634761,2.0429552106209012,-1.1318273820965794,0
1.1949234716194799,5.0744355761654525,0.8824746148024273,-2.9707807208269807,0.34504419791501506,-0.5992413392036114,-0.22515480312830727,2.239039667067489,-0.3687575157748992,1.4152262962417044,0
-3.1931275590202346,-2.693833058095644,0.712084100306592,0.6375149874081529,0.3877254716151368,-2.482473867483506,0.9253389712431623,-1.158910593029729,0.7484906628431268,-0.7301796790242685,0
-4.167856695338951,-0.5354461921147143,1.4056309565750356,0.021370042851606597,2.208484387073409,-1.508220884039822,2.374223613736138,-2.892887637529504,-0.9791281868266647,0.213760235110813,0
-0.035741311361729075,-4.786604714295198,-1.1932258752173095,1.116487260255054,-1.4508395745631777,-0.8802106502105117,-1.7473010086423937,-0.09809117129021738,2.2969614254330875,-1.784843095277988,0
-3.0135972945696756,6.636938402516928,-1.0627324433222307,-0.29667162154402205,1.747780442609458,2.258114387869602,4.281491011431383,1.512843054532579,-1.1371104768088651,-2.8547278656214496,1
-0.850981700908823,4.2344054853482085,-0.14536894059057734,-1.8397199123680466,0.9681096189766516,0.5553137355475646,1.290375381344946,0.6521300568429858,-0.6576061341332851,-0.21894388696147993,0
-2.237534044637697,2.903255257366534,0.05243212027087997,-3.4233928041255024,-0.1134353994025703,-2.351459181500842,0.8201663611677728,0.08802139134697118,-0.30073188586869404,0.978759276644362,0
2.5264404472976483,-1.4801860377358376,0.4415173973503502,0.18652146224334043,-0.4685037860229143,-0.10515906068796055,-2.267637327510299,1.0081223346803543,1.1756789360716227,0.30974736769701083,0
0.5632801610411383,-3.555836600712727,2.275313708838979,3.88922747707162,0.14916590084375025,-0.5866537345600111,0.5011661878310858,-0.7419236547089252,-1.0967717164405448,1.5641305146096531,0
-0.02975297987997214,-4.186962967421959,2.3616536931467764,3.776605497050985,0.35347155950814835,-0.7131759731150752,0.7361027928205035,-2.092646901945187,-1.694508274602791,2.2255100186271832,0
-5.073010786591848,-1.1690394034293545,-2.730369132107597,-0.6372437261335834,-0.7675562003174361,-0.28231485250886945,2.693452985250076,-3.481545915959223,-1.0260598317933434,-1.225871978392969,0
0.04010426087706729,-4.121988311767037,0.5606880111702809,0.17504766294016383,-2.275726975879341,-2.7831571140641023,-1.0092133475846619,-1.8361875913582968,-0.9343169491206009,3.3182634290555555,0
-0.9779432012530217,0.39958348222897505,-0.026650375694029182,-2.3624709099831414,-1.613925796522095,-2.86498457016085,-0.2573466836748799,0.18923041607949975,-0.16278104437876548,1.8009862245266737,0
-2.0360688987028075,-5.772108670633898,-0.5207859943835312,-0.035553557662888924,-0.9656992138499959,-2.8430633025477676,-1.5128827704254042,-1.7443656438329151,2.235216400791544,-0.962776107631102,1
-1.7993129130638217,-3.567522797072021,0.6865003903851983,0.8650724711204892,-0.0766548421465274,-2.873523152418606,-0.6885723811162067,0.8966723769068576,2.7705043746285614,-2.055498740335686,0
1.7355060155932487,-2.7186815976380974,0.411988060869215,0.6679378164914006,-0.8453584599993385,0.0027629948546685767,-1.3312981804062995,-1.7189178811688874,-0.9835972847390875,2.4083404928545122,0
1.8912622200784226,3.0072664995420104,4.4805258283197436,-1.9169578463301131,3.0021440240669475,-2.474345557265831,-1.789259712482576,3.0347669800102706,1.6946947574511726,1.1415939866062805,1
-5.076856833142103,1.351334030858612,1.9841284907216863,-0.052494935034669066,4.4127563615958465,-0.24103549364276478,3.5636346602303735,-3.703624508268534,-1.5341748909313198,-0.4322585065216784,0
-0.7202853890610729,-5.047560354440538,0.5350951655886474,1.7899627559108986,-0.1321026366616569,-1.8636052795194644,-1.3290245787022699,0.03189755178905829,2.5303176983934113,-1.7587108969035348,0
3.048795106995326,-1.6345503870229336,-1.8586429481528801,0.2600295826462068,-2.033909107673195,1.9086956090843072,-1.995012878131245,-0.36741175917795044,-0.21375657184134045,0.727378031803412,0
-3.752038565126118,4.6360396114412445,0.8220992110241583,-3.3051051412597534,2.4610183967162857,-1.2893892235730813,2.31562708684706,-0.8143245695667725,-0.6772266054851203,-0.06301382017834256,0
-2.403854979306746,-3.511673486264497,1.2362643173893049,2.653461419814535,0.7449889262418399,-1.5475852079008232,1.1298900625182684,-0.8333217154570112,0.6217257721777657,-1.1104915941955444,0
-3.6919563107790228,0.8246001391863428,1.83361580285691,-0.7677759314198076,2.833909714965678,-1.2714024873163035,2.21895515784823,-2.743067386725223,-1.1823301697165574,0.6545417643994457,0
-7.282066028771569,-1.5429227602379507,-0.9838900905262412,-1.9010171197609735,0.6203528469155961,-2.7134010523585292,3.1521852917856377,-5.023179440929434,-1.17214564941598,-0.061756471754645714,0
0.39371640413793696,-1.8215335037474336,-1.2461238931172558,-1.0174778049543072,-1.2203061239364512,-0.4970371665702087,-1.594515840725161,-0.3706948854434259,1.1056236587157837,-0.27644271468724035,0
-3.7863462383174142,-6.083277686930009,1.5971533531558453,1.94389560984381,0.1352337846884355,-3.308943526134471,1.1600037621207793,-4.150998027020284,-0.8621442641727791,1.6462656173421641,0
-1.3135888955848458,-5.941478204771828,-1.3026767445416456,1.6335175084944236,-1.512636422249686,-1.1463090060182501,-0.9390013747929162,-1.5798131081275169,1.5744256531450231,-1.4213511538287413,0
-3.111668748428754,-1.419857844032931,-0.17348078120507068,-0.5941078793529475,-0.14690952116689737,-2.4451972893728153,0.6674916783631193,-0.3360890044550138,1.2129659782270228,-1.243623343386425,0
-2.290443588587549,2.268477781015895,1.5025455757319273,-0.9583178481777768,2.51003869130206,-0.43375918829016824,1.7934523187633489,-1.295749983065269,-0.9717006996570999,0.374980982845434,0
-0.2018033200092696,1.4807562755248418,1.4535686358245117,-0.5267916104849013,1.1695455292802306,-0.48801684872818296,0.514254158639703,-0.17724988657543805,-0.7590947865050744,1.155928641566193,0
-4.070077542398619,-5.697119576153394,-0.12322232276584114,-0.2864571060568297,-0.3211604476637451,-4.134462727482463,-0.6744499905740045,-1.6100265099143722,2.902984571764098,-1.9472325435028033,0
-2.3823445979009645,2.0619954387926054,1.1309207510679704,-0.6127511724581889,2.5016863326890535,0.136850257997867,2.0144601062080016,-1.6901810817552128,-1.1816844297011604,0.1462545058187814,0
-2.84817116970807,-4.831850872805486,-1.0894096041965728,0.7009015131711784,-0.8592290111602934,-1.7446815300149265,-0.025677553152253618,-2.1435289543519103,1.2215868047757485,-1.3390683932740448,0
0.026427255748847973,4.865932991581192,2.458242594836546,-1.199831950837246,3.256879819260902,0.4900292953269463,1.1058294228305818,0.8815617713701038,-0.729996841558747,0.49683441874042644,0
-2.5104592434297883,-4.6463430835758395,0.10580207264000295,2.1197663567968466,-0.17965798940285838,-2.0885206493920885,0.1215741588443151,-0.09415751468911426,2.251755900960573,-2.5284224740181314,0
-2.393660375350894,3.4711740981826247,1.56033404134694,-2.672328294753661,1.7224019678029818,-2.023442787654081,1.3820358068275844,-0.10728335992308669,-0.5320674727860587,0.9308002418117476,0
2.0467178172227563,-0.9919925150175236,-0.15932991025485355,0.8952314456421127,-0.590536440935618,0.8623884357882003,-1.1973285629747932,0.6590915265532482,0.36365177716903646,0.03429693452719462,0
1.3193811426847875,-4.675169402866027,-1.7773043411082323,1.221213183420392,-2.0621474449325365,0.27245719572513716,-2.1723204409066454,-0.3940282859295354,1.5799717576104786,-1.036842819254588,0
-2.405157483136143,-2.004073403846223,0.27958564413274534,-0.9068233388227379,-0.7842317691359464,-2.6770487803749017,0.5144545823377725,-2.1408837430660608,-0.7134372115561058,1.724408697289321,0
0.24821322818216313,4.123298657446812,-1.0598027468917612,-0.7566011001049489,-1.594345723615017,0.43125978918513064,1.4585449798925854,2.4357533194616203,-1.1309665344239666,0.26551110676019274,1
-0.9220302598992154,-3.7324810948181777,-0.19633610910675778,1.584054535855742,-0.7405469209239451,-1.068220278034826,-0.29954039133709975,-0.5590592707395887,0.9864664522882645,-0.867973307657365,0
-0.32548866769521423,-3.4777684578626338,-0.4169613773632004,0.5987675136993976,-1.022669613645939,-1.029587580827142,-0.9139476455474708,-1.0105608485925954,0.7024778989415992,0.0024535345518668095,0
-2.0725278192405647,4.052723965467066,0.854731505628497,-2.9572623376405036,1.5585771437739524,-1.10371081187417,1.4141766999657213,-0.40434231406525434,-0.9023551909776062,0.9149057659212642,0
-1.3995730950766208,4.021769852897365,2.1126407819123503,-2.630946628374391,2.6413883191430942,-0.9385098567688301,1.1649197813591992,-0.8370893452851751,-1.2514219263917123,1.720999953281214,0
0.3869550165580534,-3.16862879229211,-1.1432087058328362,1.248147563278864,-1.7488757461964508,-0.1360396549719911,-0.8064403410417973,-0.25703729579555856,0.5875210921490785,-0.41906228683314406,0
-3.6164406083705694,-4.159227470306738,0.5806853472028344,0.6663922089181314,0.10086156002514124,-2.692014978326613,0.9191064758678493,-2.944126483319698,-0.021258112768905216,0.3346125620682592,0
2.2990990493615677,-2.8248116098730796,-1.3935186366104821,0.6063817427714877,-1.6447672793580785,1.19185130505533,-1.9850311886650034,-0.8197507961663673,0.19679704140637316,0.4742901474691883,0
0.5404497054586339,-5.763006022143331,-1.8182982737913547,1.3105552663893008,-1.8511099408262637,0.19493500609828263,-1.9259047749078646,-1.9672008526280327,1.088792253832341,-0.6048567457754256,0
-2.1783591117240033,-4.558584794055614,2.6855939290500874,2.152199975235306,1.304479840702014,-2.281918324992442,0.8346034927453959,-3.423726303801365,-1.106457165159441,2.0407889321072545,0
-0.6371844287467511,-3.389147867093106,0.6828628914078883,1.2960503203601932,-0.09597665424852297,-1.4176873528996765,-0.5475185869128086,-0.5133759038386064,0.9850699233742052,-0.3447328159162465,0
-2.401736204836836,-0.2379465836568198,2.2809028882846505,-0.1224518150155891,2.451344637960192,-1.22314114778577,1.468270127064952,-2.8010829926092544,-1.4053369102281428,1.5958102798076197,0
0.29322242763721823,-5.826013063721993,-1.5357384364147857,1.5482550862939037,-1.721356465083508,-0.41034107963100486,-2.009831135452159,-0.8404346430825413,2.0691815869892527,-1.577351870631307,0
-0.0003102864509033961,-0.9363615276469811,0.6536873607384527,-0.13388155410770075,-0.7509117035903552,-1.3986409515993703,-0.1908617676503741,-0.4317052805753526,-0.5936855597586606,1.6982354456523434,0
-0.3799678303545545,3.4417114289113164,0.8485155168364452,-0.8639186822770374,1.1575973311315375,-0.14213994120864792,0.9071817562916744,1.783155866305984,0.135208425283948,-0.5579722235716422,1
2.0021080192517453,2.8303899169149647,1.0222616859656637,-1.2128616000612635,-0.022925283607823088,-0.16826592122509754,-0.6289667221870634,1.8100216832363447,-0.43110719684180526,1.5478469182146357,0
-0.34090474035364093,-3.505520576027186,1.7959139893781826,2.7085777955734165,0.3858896829209728,-0.993336029331479,0.30229120655757824,-1.222211267170348,-0.5000998334933171,0.9943075816231434,0
-0.5461814165271534,4.8181556045476075,-0.6674017964684136,-3.376769015513981,0.2250079378618638,0.1550956865125781,0.7301325163440808,0.41442106544860047,-0.9079289673156367,0.7375504925759204,0
-1.17728761558276,-0.4429209589598148,1.6043484892195443,-0.8113072048725936,-0.19631125851571807,-3.06547152517184,0.09939848555215436,0.1749979918654183,0.01713725816754244,1.5445520211050903,0
-2.6775999997971582,-5.431634677647977,0.5759743009286394,1.7238192941023311,-1.2701411980156054,-3.0137990076557046,0.6263451305265507,-2.5537805762076373,-0.4242467305360948,1.250040326278906,0
0.8131648726263591,-1.5062366600148973,-0.2300209562830729,-0.7968085734136354,-0.7745814838944198,-1.004878178791607,-1.7601656282295721,0.444943973358654,1.361471578655916,-0.07682263661142763,0
-2.9379935730949893,-0.16525619461424304,1.377575660001005,-1.0019092390179696,0.9860751544652859,-2.436023044398882,1.2914659106976012,-1.7255725990864423,-0.6976216290474775,1.197668908702832,0
-2.7211150693643074,0.06290281784271379,1.9094522096658644,0.2150253979518193,2.1856996154447046,-1.261564811645332,1.762912906841944,-1.7356301352975942,-0.7906643463469282,0.4764931877264208,0
-1.0391735274455085,-1.0943240919313448,2.1089042868731913,-0.3581974462036017,1.1192985646404758,-2.5900000259962503,-0.3958505529342389,0.073429317382121,0.9836456755037035,0.4124799576323963,0
0.18002562665236022,0.6514844503019304,0.4924488036756645,0.17846518657130994,-2.265854623190765,-1.6660156580790346,0.9931187798452692,0.5888626217770816,-2.1189741383712124,3.0627327724633937,1
2.0413004364478127,-2.5636967632025573,3.1893081500867853,1.9245544271857191,-1.1867878900849276,-2.6537840573882345,-0.7647904245480666,0.3104771244140325,-1.4944358628109236,4.364660027047707,1
1.0450000741663452,-6.840981917501542,0.5474321332694794,4.302455738819027,-0.8339857575295433,0.2270129049436289,-0.9437249899089235,-2.09962201008824,-0.13919755760422894,0.5970237103522948,0
-5.682206407852462,-1.6564265070969948,-1.0861475629059165,-2.1810130142149946,-1.1927851680712447,-3.8593987598741912,1.896729233288631,-2.7443972983052003,-0.32022277600918064,0.3513082640310541,0
-0.09548610583492156,-6.316427871048508,-0.9591437309018485,1.814600266783844,-1.2957746587219394,-0.32340942762307523,-1.4421002942243628,-2.652403951034805,0.6581357595877976,-0.07221528098293162,0
-1.985382528650344,-5.271923238745579,-2.4865424926624953,-0.4153508270361783,-1.8896492361366253,-1.6648885250906955,-1.5679825485893808,-1.3072517147816027,2.703464004861666,-2.3917182556918295,0
-0.2325240379310668,0.22885420699642525,1.100186053918697,-1.1589851968950047,0.1507319811765413,-1.904240027186954,-0.5384392068830419,0.5486372994213833,0.5215023137863501,0.7896997694227228,0
-0.4975658513878293,-4.898864508770067,-2.6069930457612145,-0.15910980411134035,-2.1638397289863467,-0.5437661732115597,-1.91379695794724,-1.4444454894376166,1.9009805383477891,-1.4886446996134803,0
0.004977235756231594,-3.035874827588402,2.2031497316906004,1.6904503325621885,0.55565236439414,-1.6202176661317271,-0.34874622993507887,-0.9273792674306355,-0.14540744287418508,1.4216045481790616,0
-2.8288136392082786,1.6342127056695974,1.3914572319673768,0.10137852413932413,2.61944105348121,-0.2784352092534256,2.25089792713809,-0.9748100609794489,-0.5474734417076698,-0.7234145025782357,0
-1.3420350702059516,5.9019439488683005,-0.40787898678943707,-3.207012612590023,1.4259666694679238,0.7014099708154746,1.5570061418909364,0.48044983324484436,-0.8247574405917428,-0.2388260058325673,0
2.955293152497234,-3.955575155247581,0.011805325825769614,1.3411029923420243,-1.4210512793505936,0.07416353873511161,-2.674930702969894,-0.05746686035290016,0.81740942293291,0.8709652576557929,0
-3.3157226772985884,-3.684555324555852,2.6346222968682587,1.2845227445446232,1.5110415414752376,-2.9928231675070736,1.313398944613086,-3.232547059282646,-0.8595376524033744,1.6568765601085822,0
0.15676559758194186,3.3729615867289104,-1.5431387406231543,-1.0321017983713936,0.8568695793554952,2.692600813325786,0.6902429581923608,0.3081479330117777,-0.213895901393957,-1.5975980444751752,1
-3.6735831043910117,0.8140228182045735,3.1340458812594227,-0.9884023788531103,3.196720981506732,-2.681954983843604,1.9035076568959297,-2.0396826935083237,-0.7534804395228019,1.1802904297407912,0
-2.719921681041131,-3.275964416671851,3.0844281591139113,3.117510658910638,1.621255925485758,-2.774807431176286,1.5549086257381641,-0.3662831802261357,0.46722731362655023,-0.3773888298749233,0
-5.933730203043046,-6.163058179995201,-0.8418080461922275,1.4353968341910837,-0.22002449801365875,-3.6065852523030175,1.0335961313923852,-1.4939394908280352,3.067512819138794,-3.991697487436025,0
-0.22758947585014735,2.8535797444163933,-0.4998001608356233,-1.1441956456120745,1.1318127103899918,1.3249250255205065,0.5375853401492934,0.43076341355937375,0.06928428169502931,-1.0982184038978224,1
-0.4018354232621094,-0.2746298884508158,3.127350975225657,1.2690793619883753,2.707558034527426,-0.3702992076832604,0.8671191556418905,-1.5888865378817347,-1.2811475990890262,1.6815554154297843,0
0.9387228585392249,-1.8171166292901462,-0.7323903952765597,-0.328549257343866,-1.0827085437721615,-0.3144375293315739,-1.5455369610234428,-0.02433192501547876,0.9015323599147501,-0.027937811504572863,0
-6.080347554240947,-4.298934671530465,-0.22340310479035477,0.08882138409318008,0.22885042003528588,-4.337799892694571,1.1003185323306672,-0.8268574823618822,3.0685021552030567,-3.512161093827529,0
2.7162942793890554,-2.845012872771597,-1.056641127073562,1.1249736522230596,-1.6593770839550377,1.312043451814107,-1.9232427815484208,-0.5988482406718997,-0.04922035675770437,0.7698850158260218,0
-0.5916338387955161,-9.44612950360276,-3.199804739428354,2.525456991514776,-3.069676741996912,-0.4403660739130456,-2.395955149670172,-2.223385028703082,2.7329454238456603,-2.63286506418674,0
-0.5296368618265487,0.05104170326421855,-0.14419598879149795,-1.9479021826117027,0.33646959273292065,-1.0712918347675005,-1.0140811709516986,-0.03455678880094082,1.2920510492646438,-0.4994832506219714,1
0.8455447728881318,-2.1634217878741167,-0.9262782661300463,-0.5906947099138213,-1.237070530327236,-0.8464311122077818,-2.0785487686800317,0.7993253319920335,2.0504876581823397,-0.9876225655718737,0
-3.0750607319798235,-0.7095460667925128,-0.4956051768033099,-0.7743017334758038,0.06420953982616107,-0.9707639861918241,1.559417216299621,-2.7768984585398746,-1.2113822672885362,0.68637717119407,0
-2.0320193905822874,-2.0364175442658947,0.45811878949569057,0.7720278945676124,0.35281763693513113,-0.858828904763989,1.0748157286441513,-2.3634229901760473,-0.932829310393942,0.737324133733543,0
-5.266982875424684,-0.6869650576585132,1.5339916818452026,-0.6686694904030417,1.926245518324571,-2.9930308061549535,2.492641122882575,-2.6175044913934427,-0.47611183768900306,0.11085477448630054,0
-1.3586591322385917,-4.439723703201977,0.7732957983389817,0.8002512993211421,0.0024525632841918554,-1.9430188369508736,-0.5836472840832592,-2.2420036947779836,0.45038203431397966,0.6133912022390482,0
-0.8306626192913115,3.4928946154306546,0.05823603454073745,-0.6311887331540198,0.8884480335836572,0.5527257790844267,1.4839780835252279,1.2404262331003892,-0.32640396880241596,-0.8414781622780931,1
3.032769957225069,-2.794587337829296,-0.14759365445139339,0.886740974111374,-1.386515791388045,1.0104947316928174,-1.8908663323098724,-1.6390065446946436,-1.2130423964841788,2.6491213244870604,0
3.026242838148669,-5.226190070106023,-0.02803559042025368,2.841307119246729,-1.5687224839631257,0.9861434138155294,-2.037135878330065,-1.5430198716508712,-0.5171990352727747,1.7019685237068374,0
1.1715939471196113,-2.632507950118606,0.16597213553122372,-0.037062612588453,-0.7188267078064193,-0.5742967876024951,-1.6424307064524344,-1.1580599617195,0.1071127079188688,1.3722030809262176,0
3.120675026338952,-3.0105930736205204,-2.9000968714063227,0.2765464264043862,-2.5681243530631352,2.108519378933663,-2.802992334537154,-0.3343548443647816,0.9074809521117785,-0.4967356252200412,0
-4.158058950911493,-6.626719874875553,-1.1618413373351124,1.8064276045641492,-0.8645011440465907,-2.5161668514643285,0.2786214199071628,-1.9037138433453615,2.3434632791643493,-2.917007901332922,0
-3.533517718471443,0.8475088897119664,0.9758091654427458,-0.5576677778540873,2.296034093385158,-0.6054293822286343,2.2919347197367976,-2.5830841831666946,-1.171343578648165,0.1427780212818136,0
-2.8440494975887765,-4.512003999491369,0.4042151339086122,-0.17591571338492717,-0.10098402866891387,-3.1186422170332073,-0.4425746639978586,-2.159901428585563,1.2778654331578176,-0.18817500526067332,0
-1.923878359560173,-2.417427614690067,-0.34024725390457516,-1.0416776472320755,-0.4000313654963027,-2.393843864344469,-0.7900931110570513,-0.40504368213558584,1.9019719239811652,-1.0915826855443123,0
-0.8815579106782547,-3.801780700501485,-1.5755500967478149,-0.7232086772417448,-1.2039670630636747,-1.780048271752403,-2.175088257018661,0.5728337022424126,3.5856474192745784,-2.8286335719239872,0
-3.9908370620554696,1.002402925339818,0.6322233176302069,0.2792436376898886,3.24629318473736,0.919276971390586,3.0716115907451957,-3.415377984846308,-1.517641855786023,-0.795782778334341,0
-0.4161040268454665,-1.164950992273422,1.8174086888118286,-1.1021404171271065,0.680091474541765,-2.964749349154439,-1.3782957924625558,0.8332069725891906,1.876574742954853,0.11773383390117198,0
0.5165933560290057,0.5664504377189488,-0.12064658911999383,-1.4028375883983213,0.0813985743102904,-0.31885497631815274,-1.0178932722560927,0.4566923833126171,0.8116963761291857,-0.1266644880256007,1
-3.1441982501422494,-5.606615646493608,-0.8766014646315426,0.4291742887322477,-0.5901225151757673,-2.85132524007449,-0.9232124031815003,-0.847441940638578,3.296369922652311,-2.9853249786201013,0
1.7489256224076213,0.8272691618879827,1.0993178136545994,-0.4989059996220394,-0.7790463643412062,-1.1479487587940471,-0.9238379814331716,1.6711825970771583,-0.08130836799024876,1.6699656980960504,0
0.7616061762841396,-1.7689799764167669,1.5610639968456803,0.888593103707907,0.2560216639160777,-1.0531487889267086,-0.7747676667541976,-0.0663657399895824,0.1665686937724044,1.0563707779282523,0
2.510595429060513,-1.9151192302982456,-1.8356378946752696,-1.1934855615972895,-2.498225771719861,0.2681049038118899,-2.6683487552592986,-0.21959284412278013,0.5114665529065586,1.023505974062291,0
-0.12256333596001757,-3.893828563451303,-2.200154749937624,-0.09065236807015187,-1.7597946141467002,-0.2698371519790157,-1.7506738984273977,-0.8235069970411126,1.8144074694071088,-1.5078852446338802,0
-1.7152878771017817,-5.995053995511268,-2.530011437356498,0.8780283681638116,-1.94161745985765,-0.8854552167336799,-1.2144298818987194,-1.6587587262523182,2.2135340949229834,-2.4064209231211944,0
-1.32872300141455,-3.710542130011117,-0.37581571594670854,0.8560618017579321,-0.7760139390326355,-1.2603266669280713,-0.26681167238437575,-1.4500133931481176,0.5781526442283147,-0.2731885473372425,0
1.7997111847081182,-3.586263671536061,-2.492771495243897,0.08032098227573448,-2.1869639997492376,0.9477265934968186,-2.5284741051515045,-0.5448455496112463,1.4298654459314561,-0.8983957983119146,0
1.5514280125107243,7.686075351251313,-0.1292587871608565,-3.8685551913556475,1.0086883002303955,1.5950486181219086,0.3193510638332332,1.8561006657506662,-1.1846320940938837,1.0543260301085735,0
-1.419220773407221,-2.4703610355153565,-0.45747540113386465,-1.1139207398740778,-0.7857312487412622,-2.456674157088549,-1.1748159980811526,0.04028723044862326,2.109720018643629,-1.043211993391829,0
-0.25017595913170215,4.345673298092931,-1.0364168742804056,-3.4884856627221734,-0.8458929561378337,-0.48123751628376843,0.3021618240288416,1.1112803495077617,-0.5491915057006587,0.8232092980211577,0
5.5793723772057655,1.6731195335566955,0.3764746180019662,-1.2137474125503482,-1.0295765016296585,1.7913019386410598,-2.754412400880419,0.6761176370630109,-1.4040992138775843,3.6258809016810885,0
-2.991733731955467,-2.3235146570910428,-1.2220733126399714,-1.2584210199800339,-0.834275677074942,-2.547957832637066,-0.28366211724792856,-0.2655824483311946,2.2384148045277756,-2.0483409288030137,0
-3.110795225586956,-0.7355334999144446,1.571515749527981,0.05693040235823621,2.1367800689864227,-1.1216121566048984,1.7732065101598247,-3.0507648781047445,-1.2158820061421343,0.8871716779622605,0
-1.7573592401573503,-6.12014595720152,0.33673893095117874,2.0726049106496136,-0.2749141464104782,-1.51214139912243,-0.27115465000203487,-3.054321892463283,0.29985060112589634,0.19943387646027722,0
4.040237578779732,2.43186220794783,1.8899545201480294,0.5699608234195799,0.6534634033142479,1.3526968021125803,-1.0876760045709264,2.1394373859647673,-0.746873738818429,1.7924775648695626,0
-4.6571986665830085,-7.3529156382474525,-5.1398395642979535,-0.10438490895859442,-2.7152299894391874,-1.7392891057814115,-1.194528236146719,-1.1771559895979324,5.055155711313464,-6.501105523722908,0
-4.367443369951871,-4.852376164318669,-0.11744684799343856,-1.1698275222803214,0.054975151567337566,-4.977589482631332,-1.280732631282451,0.41908772201467914,4.978703868009705,-3.9006567251469306,0
0.30764114167655676,-0.08000571151830131,1.0946088078438154,-0.15554749339054807,0.44012268444613767,-1.609366222885226,-1.0565912517693385,2.5078753716652127,2.3103932295665106,-1.4192202359353163,0
0.8789512472181734,-3.636166013701589,2.482477119397359,2.925449564655298,0.8437336825810928,-0.3105496533687244,-0.12989524563753152,-2.0877358156588057,-1.3935936720239968,2.3846244466762276,0
2.6252362970748964,-2.8371955097763553,-3.382246779565113,-1.7275221050036516,-2.8345230822219283,0.8126129432810569,-3.8266161601958473,0.22562493419606988,2.3787185711212993,-1.1693682271328565,0
-0.9224129117956102,3.23396164228179,1.3739231118209667,-2.5083929708202897,0.773067985450686,-1.9386846999116822,0.5118782835634741,0.8512191652302212,-0.31185324601860803,1.2937142679547722,0
0.36949987443826904,1.9431612588699607,-1.0987743193078952,-1.7466165512007894,-1.3278791191687942,-0.07286727000572513,-0.06578062058234502,0.6054027972833331,-0.5378637162968498,0.7920108172297701,0
-1.4761524382783495,3.1733800802098453,-1.086453583517718,-0.4953791126292557,0.0215606004967146,0.9401944982123012,2.062297961089146,0.6071227803579397,-0.8477439825814834,-0.9714144446699088,1
-2.615561047412053,3.1543660010535595,1.6205218276961475,-2.202107780493722,3.046123125276532,-0.4000765215180905,1.8951814125745146,-2.4464843973435384,-1.69466221056249,1.332544577097219,0
-2.512828417650491,1.24606029542017,-1.6116040259832096,-1.3200657105593934,-0.6600381054915132,-0.32817929406019974,1.5254992394094813,-0.6945154673948633,-0.46874576641508875,-0.6659320311037835,0
2.6944754979428596,-4.135650808152607,-2.1601504854764926,1.4436286971279992,-2.4306212092299297,1.902226233755382,-2.0994786443415254,-1.4919501072387982,-0.1795081316633974,0.5805164228392505,0
2.7736281953232678,-2.0369905729641054,1.4541331731073548,0.3262177447591821,-2.333148077258011,-2.408742489452399,-2.0578559001486947,1.4269425810038432,-0.13279649808129954,3.196916046336623,0
-4.100746497500383,-5.20548744294423,-0.9461199057273754,1.455789519782645,-0.6884187420832615,-2.9509507704718105,0.2411548022350649,0.1069148962357569,3.4148770407549507,-4.056929028830467,0
5.0399254876026465,-5.16261982360207,-2.1349731891775914,1.6797166746694978,-2.8771935976477594,2.589866405418344,-3.795004371010166,-1.2725700994960318,0.1263106259604881,1.2137611190322084,0
-0.7044751520145993,3.112073021614412,2.420408264453465,0.45669688025669064,3.8339789198753547,1.3393939335078886,1.800465202695043,-0.663893267201461,-1.1967069012690588,0.05470961731014534,0
-5.3063445407901275,3.1384282538038675,1.3123926500748762,-1.934691988596359,4.038034073560977,-0.472069085335324,3.5237123424968155,-3.481284674133604,-1.6480571976795684,-0.14113143424132146,0
-3.254454894719631,1.4851430602593716,0.24867030279088317,-1.3389234147296876,2.062720716696081,0.13854608911715793,2.209488102178956,-3.299082027826999,-1.7752434738298408,0.6263892201602987,0
0.5299969507469948,-9.576867300299682,-4.044605251987156,2.052941122741452,-3.06383858313434,0.8147891561812519,-3.40227285665938,-2.5857160121318294,3.072416880672241,-2.99345927049834,0
1.4631092357323898,-4.487327902545551,-1.969571746755156,1.9601423958174655,-2.1327770602600675,1.543987345400784,-1.2233827918479587,-1.9462697061792449,-0.37770194733785234,0.29283542269743923,0
-3.8587847483500965,-7.822009738524052,-0.7455690048054914,2.1095974505846407,-0.7448547318458534,-2.7230757916841,-0.19370994632194605,-2.5608125239267148,2.315399956457553,-2.3920022688844504,0
0.7545051370959721,2.4615885664354322,-0.41152603886522987,-0.748070861292411,-2.017965969477597,-0.6001053600223556,0.59339510203761,1.8326126395522244,-1.18994019695057,1.5630402813448199,1
2.3264075559248756,-0.3856382727921474,1.061767128112104,-0.2668462455960732,-1.0734478609828595,-0.783056594094978,-1.2945549483590488,0.19710601408192208,-0.9672254097649332,2.9717839536555255,0
-1.3798882712433571,4.328760393542612,-0.2992273335713569,-3.0331230081874576,0.6635348553711017,-0.24884673357636755,1.1449991668812776,0.045850094290903476,-0.8385945360404522,0.5022148459736349,0
1.0610477756234797,-2.7326914703163734,-3.084111861978157,-1.0195007368671711,-2.6203218933052583,0.15996786955246312,-2.5345188568297283,0.4519184574254995,2.2963845606380913,-1.781181832011176,0
1.3434062186270248,-3.6179763773404185,0.6941592979854121,1.0514032430090225,-0.5628585886708277,-0.9601013267921278,-1.9026510694153442,-0.17522463790415232,1.0724337326682636,0.45729442739367054,0
-1.8462012091972513,3.3098945557758084,1.7448664749697593,-1.497594876566601,2.4336998421831924,-0.7679429473360123,1.5537539929081818,-0.22349726476815113,-0.6646106864917214,0.4069693066676613,1
-5.42853428327754,-7.623688127167983,-2.7155720660378266,1.6427278744676852,-1.7062354008293978,-2.6089745479535265,0.46986996046660523,-2.21578333071826,3.048274576422846,-4.322414100522159,0
-0.7757086712430243,-5.663502902131374,-0.2260943041275005,1.8447226257393723,-0.9508085962776076,-1.2785298755740913,-0.9617245371212694,-1.6733767058691633,1.0535126327767879,-0.42879865188005817,0
-3.646926091651072,6.975019626257505,-0.1971634786285557,-0.6247090540976239,2.2520202221691212,1.134257635743462,4.431457958485293,2.01284654489855,-0.7252356451644021,-2.8837486166467468,1
-1.5037756991076086,-1.9156997365643542,0.33793121398159415,-0.596944013581022,0.04383905155890022,-2.379341530047456,-0.7558099353548278,0.4425921833705049,2.1064544902574704,-1.2720696833198128,0
-1.402513788447903,-4.902531543956653,2.3424502130058578,3.159087293288536,0.6861403538170978,-2.2724116023677094,0.2711410074120766,-0.9951877312263663,0.5656054380665921,0.12659199041240998,0
-2.251047545558506,-4.152692583112269,0.020732602365737766,0.42458281358899597,-0.06649932780652024,-2.2212269810812417,-0.5208809454217365,-1.2183595646464198,1.7860466980605614,-1.2803314630537284,0
-2.670529866139139,3.0395846366322976,-0.6976926741658755,-3.0737736247854457,0.2138399006442555,-1.0617149075603873,1.4513276127838453,-0.8741203510840108,-0.8177597722152898,0.4516353637087982,0
-1.432541054397928,-9.024435748827266,-2.9026287570300657,2.177987440587589,-2.3718206221533227,-1.0662993325705712,-2.2942929940021077,-1.4807564354281535,3.7820122188030116,-3.8327881905824466,0
-0.6489485801793962,3.9039170447741323,-0.09026111562116378,-2.818394949842047,0.14890247492066966,-0.6492074547420517,0.5964089754129426,0.7639799858372498,-0.5260626433535347,0.7348242502569867,0
2.6413425666407524,1.4904391809000395,0.51624356928158,0.5379419065814606,-0.7808727600359345,0.8433769268527875,-0.40909399052090345,1.516671510316142,-1.0097112784173814,1.5656073291623196,1
-2.8418949096762995,-5.802169783242612,-1.6438456060648432,1.39804664493245,-1.358972792159836,-1.6066097606350227,-0.18879831464919195,-1.7390817312024662,1.842865061549815,-2.267355386474514,0
-4.802076510896731,2.154873112511387,1.7098687222927342,-1.3830642847616126,3.5921329167991876,-1.1216491513620859,3.014174354766169,-2.8486131515197783,-1.19643640793551,-0.022501640621718888,0
-1.0001988616824111,2.7598337257438508,0.35656598515107196,-2.2598797559550774,0.07874845336069858,-1.4309330577080597,0.5496115906117578,0.7732892352380891,-0.21050631847975473,0.7042516642990359,0
0.0764801090196738,-3.9970531270800813,-1.3996279248020793,2.353716412865926,-1.3941324427443593,1.0804682915180073,-0.0795798143088231,-1.9071116556570702,-0.48611196444613786,-0.19026013072644166,0
-3.0805627124790806,-4.384886593541195,1.6143394332541074,1.9732188145286589,0.8118450598493572,-3.315009499738773,0.3193355579311514,0.10714169229315962,2.4147159407223464,-2.1104206687747475,0
-2.9536753886966873,-9.300512871216766,-3.7241458141991544,0.5890780413789278,-2.7973079545109822,-1.9996557855796133,-2.199809775395081,-2.743439009717688,3.7553678113053217,-3.605091081069797,0
0.1757655911077594,3.025221860078575,1.1222082467476735,-1.3142947273267553,1.0644143732558158,-0.173117789364024,0.474914829734877,0.601828666275539,-0.7079292749358826,1.0106033401734618,0
2.0563137697263794,-8.010140236292038,-1.5510362521825256,5.027826736258541,-2.4141683898080597,1.8576763291150247,-1.4876239752104015,-2.1567072873972535,-0.000609462158691122,-0.2740942847974298,0
0.08639208449644986,-7.15162438005514,-1.70105032032179,2.2750955768541514,-2.110864200955759,0.005398361032087351,-1.5304110568609413,-2.82052908461049,0.5783819430223291,-0.19311116377714388,0
-1.8613446718163174,2.1185439096710486,1.1447871915636274,-1.007646118633156,1.665575752849277,-0.7265395787065696,1.430460121816807,-0.5340371637283434,-0.6509186092270948,0.31818521584687576,0
-2.9836852734046753,-8.152989533698157,0.23961277516115764,4.462899345972202,-0.3490308502271161,-1.6671481484664046,0.6030994097567925,-2.567128216975016,1.1378171038090679,-1.7522477287025404,0
-2.1008438210767264,-0.35567901738158536,-0.07953130988438031,1.9050758336796443,-1.0548253378340187,-0.9955027500963282,2.3076952021983397,0.648328329454758,-0.750091965136542,-0.42936676901441717,1
-1.613076316271671,-3.07147429536709,1.3070352105757874,0.14200793680963364,0.19903162185542778,-2.7944154404603907,-0.4179052421927414,-0.9821125609283292,0.8799389786488163,0.43502766252797165,0
2.2756826361783844,-0.4594257381080908,-0.23557997765846445,-2.2271162713679966,-0.06369488617489538,0.07532566227513049,-2.876554956019308,-0.3030253827973517,1.0754164754516813,0.7971619292803245,1
0.4887942137287524,2.1424756613957023,0.9078519091710237,-1.2886638862753668,0.10668780263394662,-0.8093397346355649,-0.01170232185102349,0.8841455070850621,-0.49642130585001226,1.348850664971883,0
-5.4121072840617845,-4.601406803085745,2.462810325031392,1.8481567424361485,2.1904682945195333,-3.2004868128977857,2.4017713748566623,-4.340524327895015,-0.7318089468322234,0.56220971711177,0
-1.4637352671238915,-4.802046773054955,-0.9669738804559569,0.8039898520191824,-1.1060949549767127,-1.4740480372251417,-0.8877566658966396,-1.2647147096490519,1.6234707954409167,-1.2697043044627947,0
-1.7674565322205469,2.8178403032366757,1.2481476156683655,-2.2875522019052017,1.5548814841415237,-1.187989641180839,1.1587538370782744,-0.9803686067105861,-1.0977013187839828,1.433910958155225,0
0.18813633154860726,-3.6891588403017876,-1.377342848273914,0.5320154782221136,-1.4530509862522913,0.19620854013514832,-1.0224292823884573,-2.1372962462960623,-0.08455412070586454,0.4585890948867115,0
-2.505338767706127,-5.970255498018056,-1.1725046298688566,2.0680744597179928,-1.2152548814632382,-1.5238915050622441,-0.10181183047939757,-1.5323507995869394,1.6837052527224927,-2.085725412701999,0
2.0445143524517744,-3.5415871708886097,-2.4969646498099913,0.18901517152045655,-2.2323917720425963,1.3884779302192851,-2.3490689951151813,-1.256958132535019,0.6125869979160802,-0.1104807181498384,0
3.213740320459713,-6.567130179966022,-1.3155608809885369,3.782310663238267,-2.277240121578471,2.5402943572974834,-1.7771168513069826,-3.232363387234992,-1.5515601267293173,1.9302061639907162,0
-1.9601197456928348,-5.784014142985439,1.5022626515771322,1.9807339369305772,0.30879417440506995,-2.9349859127351494,-0.5746126667517274,-1.289041660331648,1.6820948501317747,-0.6109147376739017,0
-0.26683969570697513,-4.168412428150201,2.7190934981301997,2.5901594515250483,0.6208974760766726,-1.3164214549963709,0.43882604263723546,-3.2757597664625653,-2.182761763881428,3.4770506137890536,0
1.1033117766545548,-2.305097807295754,0.1528311500736192,1.152531388144532,-0.25659175487894703,0.036064185752332056,-1.2215830432834909,0.2528545835721554,0.9989501693287951,-0.48545986669512964,0
-1.715177697573232,0.2927157771870561,0.9544115138745579,-0.6116803835826461,0.2835644903718427,-1.9013279212491683,0.839724643330463,-0.20232339687837975,-0.22889324408023703,0.6564815260080676,0
-2.504915941825515,-5.403894810766449,-2.483245570332282,0.9023295189172134,-1.7703076255889625,-0.7281285923948513,-0.20066678493772394,-2.528274470714953,1.1096710776645609,-1.7523855638058659,0
-2.4028343492354094,2.0764627124543296,0.8223268861635977,-1.319384246572398,1.8725007510369727,-0.41258478144980093,1.7255748043716905,-1.613178109998545,-1.1209651970157324,0.5151356855881168,0
-4.827091332495742,6.281700875765707,1.0638753868311859,-3.542566634047072,4.09623643403936,-0.37451757979769296,3.4572077884679504,-1.50984706729851,-1.1458621199213785,-0.6867635182987157,0
-1.5423778872661438,5.226454431297902,1.5753680469875277,-3.24463900936257,2.1085955451261924,-1.3121734128611138,1.1818449748757507,0.8151660203516431,-0.4147884008460703,0.7079141330003615,0
-1.4909380775535805,-4.964358252945094,0.20512789939779225,2.0231745956946274,-0.15995732901742388,-1.0651751327757357,-0.09015704762724475,-2.154570711259681,0.4689586008811101,-0.34567159617998666,0
-2.4486185571553913,-5.675027653006842,2.093360855211574,1.800928065713864,0.20185762896957182,-2.9701737262406214,0.5633765118520866,-4.038594019098721,-1.2739773978640172,2.6711726573809926,0
-4.826256494444409,1.577148310564997,-0.8041292012005707,-2.9964262932750474,0.29581072092828375,-2.1640927899971936,2.2061756244223902,-2.201779568503773,-0.7683053949994183,0.1444465869220125,0
0.04073336260471211,3.923842928705721,3.914497387153956,-0.9140325729179802,3.9022814114756517,-0.45400658234970315,0.9136324626799937,0.16018636106724982,-1.071098145007503,1.7404823841129806,0
-1.160977878498211,-6.926226010365311,-2.540509168419906,2.1805311778194376,-2.136700011134968,-0.07399868040973367,-1.0304263772338877,-2.2075851825530552,1.5314622912030431,-2.0302469574685595,0
0.57474634740171,-7.351216053600418,-1.808289046366151,3.7351392950842106,-1.8914490930183951,0.6706421935383133,-1.6311044295673405,-0.9521720538249445,1.968509847834355,-2.3727127667235015,0
-3.0337417552810733,3.846534323111959,2.224912047627342,-1.8781791922776323,3.4910942115217507,-1.0472008898630039,2.204378871924183,-0.837152723387703,-0.7483144342816523,0.19206634582093463,0
-2.49098099030788,1.0939088624135913,2.494500826339561,-0.02233759144037961,2.9382754561590487,-1.0771948780740241,1.8422142554404322,-1.4550558103590119,-0.861666574164533,0.5678635931496185,0
-2.8282048987738513,-3.528397147770656,-0.36365200842379625,1.4402090299158274,-0.5242586409429411,-1.897156706769545,0.672212321356088,-0.4152004438154109,1.4398081956341628,-1.9548138195543336,0
4.277971702988163,-1.918757309652398,0.9603240742262896,2.5020171150510393,-0.7596233668653953,2.005213460350158,-1.3816802915434403,-0.7434220008707972,-1.9517169929425873,3.033147498895169,0
-2.8655144643492405,-1.353234391350265,2.3254019269074897,-0.42084358303967484,1.2290261196383552,-3.1485556912440065,1.064864231545564,-2.080875480348775,-0.7341341269698773,1.8505742983916622,0
-2.7382910316297355,4.050663894549295,0.17563512638284293,-2.7163252724737683,2.083302496983907,0.09640972879054899,2.0603494825888395,-1.6631349765317065,-1.4031297190863854,0.3913175442354414,0
1.4015566103734698,1.4310363972112614,0.6049324841557534,-1.2475419988515564,0.2364939110323574,-0.12901224145095047,-0.9673496850990844,0.7884544202344169,0.11078054349504068,0.8938980785870341,1
-0.04497690524811457,3.545972073859215,-0.8341152948938783,-1.4594422391314903,2.0198374221213475,2.3703926104315127,0.30515146569755547,0.48863900341969146,0.6513925711399846,-2.231121051178159,1
0.7912333668071063,-3.420569306966529,0.32421837268914944,0.7493566402013375,-0.7321629748987418,-0.9167460668274741,-1.4859068307915173,-0.7653991548529975,0.6036695987307913,0.6912897414533374,0
-5.029549397583888,-7.025109630131508,-1.2409459753556775,0.967138575226778,-0.5851944603492361,-3.9482793004296233,-0.5547442473710329,-0.3228290208661043,4.8920952144799035,-5.157249497897485,0
0.5406037853025507,-0.25638103713243704,0.23176909576877824,-2.448612325757536,-0.35579781402505495,-1.7318982286388755,-1.8851671212350167,0.0875508367559974,1.0574060576565287,0.9188749619229697,0
-2.1992847878557575,1.0212987559653826,0.35728856301393747,-1.6613524119499807,-0.0494235001525094,-2.1241962662073615,0.9299587544498735,-0.2753799833207584,-0.2463113600753681,0.6519348770084543,0
4.582771666301216,-1.220682689471287,-0.518997530288755,-0.22955446083472109,-1.4961102268321385,1.1749853558495582,-3.3444191130039793,1.0515325652222591,0.7340351231980433,1.114472855235535,0
0.5157554204448753,-4.165804094077682,-1.4809901708505808,1.1497968355802097,-1.5006583335625945,0.6924830090035254,-1.0494965506973006,-2.2915177031304848,-0.19961997644822643,0.3716894806977349,0
-3.782927548862583,1.0420916832108156,2.038678110599521,-0.02232839389501473,3.413077658687135,-0.7530065991880618,2.60815945218089,-2.39019250143932,-1.0056403921151236,-0.11585224870625588,0
0.4337714827334569,-9.237645563105444,-3.1922834047210498,2.925983583954771,-2.959817824910516,0.47835021794448185,-2.6630117748060216,-2.1173163231228207,2.492467451154241,-2.481657199324931,0
-0.18571116655380604,4.153491387074227,-1.1346138013407379,-3.862837975635452,-1.2119431853509774,-0.7721434264848457,0.10763444982443693,0.8113009646995037,-0.7585863974102699,1.3886569434450158,0
2.4105211066454895,3.065763572347213,2.7662668631986165,-1.0414635359330502,0.9628102927610634,-1.0149274199063625,-0.8639019304836775,2.3449786898853744,-0.28312585685365255,2.2161084160153965,0
0.4604300452517764,-3.73832153196895,1.64498231381221,1.2063793653965862,0.13583069201201492,-1.8701406993066323,-1.4572895131444707,-0.2539279617035898,1.1628083211332974,0.5139918242746881,0
0.7457577170359592,-0.6608376725451788,1.7484156868249565,0.2944704237846101,0.3162902508083135,-0.9558314855319823,-0.3282350639881715,-0.6053265881364425,-0.9094912229677349,2.2294663312043768,0
-3.5457804244783997,-6.463514327999547,1.4031556693509315,2.728702511223606,0.44008724949103395,-3.542444447560409,0.2661511689184173,-1.0437081770040668,2.3099386211906046,-1.9673779289309792,0
-0.01143506343178282,2.056184970934616,1.0253364667844245,-1.2986504128185794,0.8272326484636515,-0.3447194180458544,0.37685326934873364,-0.3971211728558627,-1.0827126216698266,1.621443172214884,0
-4.821505294582844,-4.238256614614316,-0.5743100243867499,0.6476867602323211,-0.18522511648899465,-2.929664137063437,1.090210819681877,-1.5906047180037843,1.7662887527957427,-2.380425907052138,0
-1.5377071531146644,-1.4042729008196033,1.7119991597897803,0.4263300642976686,0.47625618308993434,-2.1223456577519997,0.704189035512647,-1.1317644948189154,-0.618283238559191,1.438415959256234,0
-1.052798236510593,1.722827595068743,0.25777089783093143,-1.154024258547726,0.901993126192939,0.16032643992097695,1.0221156319195182,-1.356994869335136,-1.3024075435594995,1.0015490289478075,0
-2.0752182343540295,-2.058566217277965,-0.34720790561728093,0.5723420861582516,-0.17333422908097806,-0.4567008364475821,1.1098084021303096,-2.6492369952339176,-1.1095338241066122,0.642273444422857,0
-4.014823898807229,-7.215024897160184,-1.7801439465816835,0.19496451763403644,-1.2933482284712685,-3.1577308546962684,-0.999345508241392,-2.2662846517609023,3.192818844807835,-2.8760041844914292,0
-1.2520080422830646,3.9650401753711555,2.947043012472546,-1.146815893791869,3.7545464490928713,-0.33467569742434744,1.544272181719284,-0.17507048095349786,-0.8467212187333021,0.6846251078304467,0
-0.13100679400256193,-3.6984168660976886,-0.9617330153945086,-1.0206360259725118,-1.1202807576393932,-1.646998392493267,-2.3392258934255015,-0.5738738574347249,2.274601639411347,-0.8220654242333215,0
-0.8084603634200616,5.958629910664951,0.1627624021116157,-3.959484851109306,0.8905160261720013,-0.5580205798378584,0.8535439161720176,1.162770496595166,-0.6007772927890231,0.7263178618059312,0
-0.14307163683560473,2.7347218728054123,2.5452929288841624,-1.5704858195462843,2.5798336200102017,-0.35848755389900067,0.6057332357557301,-1.389574940871186,-1.7160685040691908,2.57204338926404,0
-1.470711320048723,4.129953345799132,4.522320562601196,-1.146996600028834,5.031932474842547,-0.989800123825358,1.674246977265991,-0.5740484769414955,-1.0822047551906473,1.4504445246201292,0
-1.391585333751062,-2.1396898605461065,0.44540501554467543,0.13918687559830745,-0.5426706471152323,-1.6350760574739898,0.3928872187340503,-1.8824106208157625,-0.8504474889052113,1.560038450240052,0
-6.465752605570202,-9.793404601865076,-2.0820862106526956,2.298074091399065,-1.198743796656305,-3.777415893930167,0.23344144353180574,-2.626836283674002,4.097912264278163,-5.083973796610543,0
-2.609365396274988,1.5582675781419957,-0.007147336541324164,-1.1072403594582212,-0.5412075754604708,-2.1604062902944565,1.6101967158030552,0.8330596563102491,-0.05542360487033994,-0.17889501182560996,1
-3.7780233429223684,-0.2979107966235057,1.2453119660913865,-0.4703194504429129,1.7710543048932872,-1.7531089572992848,1.981868041572702,-2.484948917433214,-0.8231104540415716,0.4331232848893607,0
2.244703855247591,-2.4756163186038376,-0.04424619792378745,0.6226942698108127,-0.7553255830115023,0.42170439208430754,-1.9573708767880231,-0.46039457010564067,0.32405752596608334,0.8572378775225722,0
-6.482176260638276,-4.556036365265723,-1.0813434331608422,-0.5050243892857327,-0.24605425106459133,-4.085631217227824,1.1746303331196777,-1.9536968263305372,2.556494300189169,-3.1330502835013494,0
1.071713470467921,-3.13242256359218,-0.8908208332596596,0.6853400109674814,-1.6305523480064013,0.12375370518078399,-1.2199652972832118,-1.3213916951437024,-0.2477574839633809,1.0080346089276322,0
0.32953727490692464,-1.3455383918814676,1.972410155802167,1.0826857344504992,0.770586550168398,-0.7755884329664902,0.0013016066862827635,-0.9965176960315174,-0.8848923198673331,1.8257908491485684,0
-3.5584492982795157,4.423774052696493,-0.2269507763945788,-1.0966577366722698,1.4613765434366932,-0.2934025739289656,3.032834159450037,1.3251237992631681,0.10391563704409663,-2.358048539833651,1
-0.7147620022695093,-1.521782879883237,1.440370739425798,-0.10203707752642643,-0.08868140128467661,-2.046535376478984,0.03646225521661972,-1.316533961807994,-0.824331841338377,2.2065807750355417,0
-2.3493342879896195,-5.392512367715333,-1.0587885767547625,1.52594704009035,-0.746829057441862,-1.73535835567086,-0.6477144262049366,-0.4337799695223089,2.888841660582345,-3.1671866780510727,0
2.3136284512426144,-2.10106088966676,-2.497690709092184,-0.806557169368814,-2.258795263490128,0.79861309537161,-2.8486373706886345,0.6994921115736505,1.8708045277109484,-1.0870121878980894,0
-0.7888749170938267,-0.12357606039863324,0.25819384577602833,-0.5535722841382815,-0.42816200698386164,-1.1326940774068375,0.3668131085072832,-0.6075244882353434,-0.6323302244665361,1.1347450865628605,0
-3.225404532051621,2.5418982200666953,0.6665467067807144,-1.2456581067135333,2.2806747089289616,-0.30214358127726426,2.312281576889414,-1.4466778665541091,-0.8738009930598364,-0.3782132710996504,0
-0.8620817607986929,2.782575219249525,-0.17024998909993608,-1.0419859940796221,0.5084107906668434,0.15617576434886682,1.0445062426541607,0.8046730753448907,-0.20346755589191168,-0.5390845972558214,1
-2.4364662490561364,5.1470684572182925,-1.343863820112871,-3.698255216824467,0.9680108829805165,0.6779985765599756,1.909080818934117,-1.090098001459259,-1.3412615048573178,-0.004093462180334351,0
-1.1419130982777164,1.4659750894337837,0.5088234079084368,-0.9800179561023781,0.8587422991969875,-0.29030701855957064,0.9621956973608615,-0.9690670446255674,-0.9863704945755583,0.8481837410054077,0
-1.9700584863748827,-4.763270156741154,-4.497437718124524,-1.5440519851058414,-2.8998774917363135,-1.3894227380352961,-2.413614565516086,0.3732155748155035,4.6793303890225415,-4.850780671063748,0
3.913848666182254,-0.41855374199535356,-0.6516375702490536,-1.0329568746468767,-1.5133776245724988,1.0617540087224726,-2.7445020220286276,0.12925342154176467,-0.23219215264869333,2.0294746800869277,0
-0.9355494906526891,-1.2938050111344026,1.0802742515601724,0.250236109467024,-0.430039990574552,-2.1724493353337206,0.2121073729688343,-0.0626808576134702,-0.0584881816733194,1.0163357450965225,0
1.0787173071549523,8.749987913815184,-1.3683042206339082,-4.930307438718094,-0.39900087904934356,0.7664165186663288,0.2749265338332044,3.7471093999085268,-0.12971765364105173,-0.11173749166656632,0
0.9626010746102018,-4.059499936990576,-1.088530962270488,1.5115390342006747,-1.3275940494456369,0.4203461199468437,-1.443774371528438,-0.8335936346370262,0.8397972209248865,-0.5464188998239654,0
-2.6685632930587464,-3.9298179193994796,-0.4757282134883023,-0.12041620451792712,-0.7285237439638339,-2.723129987208932,-0.4316838937282341,-0.947142289069343,1.8921791914192327,-1.3302545471102722,0
-1.7969602489433185,1.1067836800780686,2.428350863918224,0.4972181391387209,3.3446554762802516,0.17504071014121392,1.8428255960069078,-2.1095779789794946,-1.4389213947915065,0.7784429450357296,0
-3.903411528789354,1.5666493385234637,3.387259598940905,-0.019344633017182367,5.103520352546305,-0.5370117914969201,2.903567105768427,-3.3532947210035022,-1.6008137479890976,0.5851440366177503,0
-0.8364989763099258,0.12899544018912562,0.49432123228453756,-1.5473024800611936,-0.5117009359864839,-1.774070495402397,0.11009881212010231,-1.0847347144598827,-0.9571622771467996,2.146900214409624,0
-2.0424358834631193,3.9374139181326666,0.8019167831481133,-3.1818990241351393,1.2278332241314234,-1.513760871221382,1.2070967456232626,-0.1379896558507353,-0.6964360460453677,0.9808032994659414,0
0.2005491097345744,-5.021559144714882,-2.0368561443395987,0.8221409558251083,-1.98534763721534,0.07309900960238291,-1.6338734449613863,-1.8255057693414645,0.9460203819776083,-0.5860908794801608,0
-1.878838635665099,1.5060201080596067,1.5709643359807923,-1.2323300303798415,1.6565743952634546,-1.336008732572495,1.1536640029048106,-1.077120457618639,-0.8230889161283829,1.1021035445616838,0
-0.8168421724509258,-6.216174899035379,-1.2894408228581955,2.4736007339644197,-1.7341579980167565,-0.46376494285331205,-0.6427461545831212,-2.0437368411658072,0.691467464279787,-0.7582023843656409,0
2.195636677982186,-8.74759254885858,-2.0302394319253767,3.421549556005008,-2.3585908410630814,0.8667589551645893,-3.376182063360422,-1.1764227055500267,2.5594055167349463,-1.9377336114953794,0
-3.1517706539766723,2.7737084452526632,2.7809398705196955,-1.3120164351436219,3.4562000124711822,-1.722227083015356,2.09958794466427,-0.9107674227795173,-0.6106337668063249,0.4307647740585059,0
-3.4206205386824173,4.510762004830988,1.7306091107583763,-1.9651609400608012,4.266502315205257,0.40445542768536535,2.872912109587487,-2.270701109601557,-1.6503805126910869,0.15693520673022676,0
0.2760334866131695,-5.384855565264134,-2.0079334255460375,-0.3030776320418005,-2.023529324928811,-0.9365470260048313,-2.747538167011679,-1.2674216170815509,2.259209911523575,-1.0406503575850843,0
-0.557907999865127,-0.7151755217860318,0.4000608974344211,-0.8206336135774291,-0.39164923240935634,-1.1474298060440569,0.026559430133527684,-1.6291995821401335,-1.0914574455037511,2.049292448613408,0
1.193304381193734,-3.068513557754328,2.049509643705335,2.6700088457875943,0.37605673152364516,-0.1956372102977828,-0.2547384491256838,-1.360290872889781,-1.178167471531428,2.108767962659699,0
-0.4804206041913472,4.031591861696187,-1.0967094066779528,-0.987320711236333,1.317471830675581,2.322606527791429,1.253876064456076,0.7189288587943952,-0.1353487074331782,-1.903293692443377,1
-2.2006994177795085,-5.2493413810777545,-0.1716433808215409,1.5438362221110582,-0.3161634245036977,-1.9174630435294475,-0.4374834712302761,-1.1995020201878503,1.940626275920211,-1.791693870337971,0
0.7594684485178779,5.527671912048252,-0.6176765774817818,-1.0534560146855005,2.253318362284428,3.4152628135405436,0.9424277264072954,1.4513858810777105,-0.07394181827085597,-2.077600782443905,1
-0.2947270742116965,2.6741610139427046,-0.7307075743524581,-1.2176362270979069,0.49202101637101736,1.012002202077847,0.6091295390976535,0.3865574313006861,-0.20466130216782544,-0.6685726122780669,1
-0.020983827748539925,-2.407983512717815,-0.4881173910682233,-0.38123020755566905,-0.899555983195059,-1.1898972453934435,-1.377451243666564,-0.1437211799498027,1.3446835772183652,-0.38382040078137314,0
2.127786095606045,-2.155174429392948,-0.04460649652144527,0.6379231387521689,-0.70075248683291,0.6980043697935054,-1.5609961213656192,-0.9723486683402417,-0.35421234270513313,1.360196870896941,0
-3.269213254145029,1.2362194931984176,0.11968405467894733,-1.68010946341744,0.8130112094282588,-1.4114488689933724,1.741422443807859,-1.6221510252148832,-0.7784227766433127,0.3354893226033574,0
-0.18184613323009363,-3.869543978055823,-1.9397290110878371,1.1528936662397025,-1.41080653919563,0.09678298775593208,-1.2630075230013695,0.08780239918097199,2.196971082859114,-2.5705911702009594,0
1.5721864062660535,-0.8638559638944864,0.6511740683337716,-0.026707418210002665,-0.19380338050226487,-0.3139292158155157,-1.3492097771118106,0.27704619490273874,0.318317898886172,0.8939006946627284,0
-0.09074910483390392,-3.27027685859482,-0.0815507693954597,1.2994419192459583,-0.22981450295816863,-0.351342863118673,-0.7937388805022517,-0.656194240279394,0.9963252502298521,-0.7628974171157961,0
-1.1885664458400607,-1.0157955956996851,-1.4567088952846958,-1.50774370028111,-2.387873537200582,-1.635134320316428,0.030751187143635783,-1.1556333647004344,-0.7248224050068061,1.4697311959099868,0
0.5527429299431477,2.578795789322835,2.1902120704210053,-0.7897619712833182,1.8913798439199165,-0.16400234785133894,0.351972036205349,0.09579474877673588,-1.0120912157505135,1.669468268037469,0
0.6625805706800527,3.665215656225594,-0.5912026956763865,-3.0723507398599827,-0.7251073745603471,-0.18517176237463018,-0.2032511614557675,0.6732568415267393,-0.8623207334238155,1.5796393774477069,0
-2.3811228060273106,4.182695905093807,-0.8380523932237469,-3.3119540768463596,0.7905762224079128,-0.08752233777719198,1.6269325998177546,-0.9301783229471202,-1.0743567403485217,0.24564058053297044,0
-1.182505251655527,-3.9616412006229678,1.5559415722861476,1.7058898229883837,0.5602315113411256,-2.299206687891453,-0.55521058381355,-0.03897672951358078,1.7879879173049686,-0.9509430811953233,0
1.4643086472958766,-6.752375611599888,-2.294785705031641,1.5984529797422256,-2.478909302651433,0.4620615618154704,-2.8072231601098565,-1.6245164248403512,1.6626116343030268,-0.9120395755094821,0
-2.1056085358132175,3.220385922954146,-2.157057667099332,-0.6798653950069902,-0.1050589477829178,1.6614255372868558,2.405107993910593,0.029055254598651326,-0.8605706243597525,-1.7497896584444677,1
-3.482790294543349,-6.0319315381588785,0.0873289356660912,1.1275146397851596,-1.8932319312006651,-3.732264333646724,0.6830929636937437,-3.223995097274335,-0.5254256252149228,1.5632133842264797,0
4.089468121011469,0.3502644465122623,-0.8278312161474605,-1.3289941734123114,-1.5153189752564087,1.130714050323296,-2.867058810017598,1.0399632336973008,0.29020300369485985,1.3902225878476502,0
1.6086187586571767,-5.113060468981955,0.09712966600093167,2.261594539245765,-1.145476341917309,0.1809967517766582,-1.5300077924793043,-1.971618016918364,-0.33506577791819775,1.40650160578809,0
-0.23133441590543552,-5.381011359197834,-1.048612613474899,0.9833734012579385,-1.42206791756477,-1.0615176032468163,-1.7599307128299957,-1.1258190275008244,1.789225650119401,-0.9993956679712033,0
-1.4613826104983374,1.7219264132575685,-1.9626578136616413,-0.07510397123694368,-3.020640346148537,-0.7695344135498468,2.0164045768440855,1.6241844574127076,-1.0626210040725577,-0.00970765821833175,1
-2.1768770998497855,0.14218380879832715,0.24371289922925046,-1.3103594660465987,-0.7590256276541794,-2.756534438351543,0.6758957209755939,0.2561450982463731,0.20845784255479188,0.46871286294775405,0
-4.006388000345459,-3.2470739932197925,1.6890763688555268,0.6161975154520334,1.4739917168555252,-2.3485536133960503,1.7404080551882903,-4.283320248920931,-1.3527438151719995,1.5512728596518648,0
-3.9343420805802274,-3.714843865803407,1.1993074585342178,1.3243817785569065,0.7579739721981735,-3.193630678444609,1.0567711589369435,-0.9405073644246627,1.4741647620807157,-1.508471647082683,0
1.3287585857861872,-4.646304739954356,-2.5929464039931007,0.17745504328317185,-2.7504083293879087,0.7422241476378939,-2.100022544414728,-2.4536326725812163,-0.028860327520552575,0.7966264853848588,0
0.8524679445724573,0.021598357976735292,3.8620451967854628,1.7990743127811966,1.7762036389476976,-0.6090256777738519,0.9988954190339687,-1.4075818381329395,-2.8109471840318068,3.979616765244786,0
-2.519193030749334,-0.05261573985772466,1.9695010986867132,-0.12225915054159187,1.5719809522916424,-2.050406725948987,1.3899839344530647,-1.125857374002547,-0.5009808807170096,0.7643717649697039,0
-0.45873110336234074,5.471886034161041,2.4107978301080526,-2.1251835641136267,3.537048736789501,0.4225623075517584,1.313926591827025,0.004947345432484207,-1.2598637960098915,1.1061940381846656,0
3.7319355530460183,5.995790999466481,0.5435505210917724,-2.2230770594493925,0.32247444620519994,1.6655636558461082,-0.9056238504562006,3.0219910266035983,-0.7060498295201626,1.421484546698244,0
-3.876726580997992,-4.65082448255995,-2.1783389160606617,-0.4184612986112577,-1.3745424772194055,-2.029130278489814,0.11000670414920566,-2.583538104609165,1.430939476355002,-1.7830117653940705,0
2.208413078782313,-1.9104774670157576,0.5071499965853146,2.1255189624848776,-0.6105674261439378,0.8185982627240791,-0.840004713780143,0.24057138362748987,-0.33735998592876904,0.7953406366764064,0
1.0647254452600023,6.379586667211206,-2.237664594189204,-3.148962302187858,-2.7185196579832347,0.1926692208328118,0.5409032239398432,4.074061686897209,-0.41840583594732506,0.10498824675570717,1
0.9681485684605302,-0.19883237672969026,1.0567421623155129,0.36668870567437173,0.18454448018909764,-0.5725813227775355,-0.6487425809175891,0.9914415654224213,0.45702471317800236,0.3368620361478467,0
-5.651549286391564,-4.206638285684517,-0.3937400368987085,0.46441951636512235,0.15976997309596552,-2.24488774939117,2.3970385499045364,-5.079205107162367,-1.2349690598360756,0.4061269307661842,0
0.08600287470236338,4.292269402072257,2.4360402304379107,-1.720442945023378,2.7514183103782806,-0.11313489243092256,0.7223144493459621,0.33845072323960346,-0.9673291208289571,1.3942995890583663,0
-0.024120783810539958,6.08458106424382,-0.05072237108618013,-3.2611831713566173,0.9974545966470559,0.5310854624897117,0.7891970912995894,1.4262837587793382,-0.6544129556857203,0.32897644042549756,0
-1.2886867094341092,2.1900778509789074,-1.486560010405447,0.09994785201731882,-2.3775560289943805,-0.32479461777038354,2.2674692311621656,1.2613774265274869,-1.5680243893219414,0.37415718854843694,1
-1.0002176977262929,0.7903401712914526,-0.3018096155045881,-1.9123992309884112,-0.9950680530938201,-1.5942271262719694,0.21580947945246187,-0.4098182334693934,-0.6023572404290447,1.3976761141575371,0
-3.1803514293977693,-5.65647984300707,-2.8547035152190334,0.5216994491975937,-1.476959837677163,-1.1074755647364414,-0.5389193481317067,-1.8721145335119322,2.5851480364046466,-3.4361182276429223,0
-1.6052794999963063,2.4943874527207246,-0.381650952059512,-1.9401618841435897,0.012737740027233047,-0.8295104098560502,1.0110529570599855,0.27835063307582697,-0.2862374794141785,0.008172115906428745,0
-0.47092392753084916,-0.3377862198944283,0.8120622837189223,-0.4202212171881251,-0.04876564439875808,-1.1323543666959899,0.20116908063220496,-0.9684715300710512,-0.8759121225028811,1.6845411292179033,0
-0.2870536195754953,-5.936917937256778,-0.416352158474664,0.6422191367887186,-1.3749646625296474,-1.6582679782446914,-1.8373417731297297,-2.3864566667551728,0.8959451049862742,0.6507673312546385,0
2.336790002738959,-4.093275896801813,-0.039857897563193266,1.447093017740876,-0.9814249303301305,0.539320505258658,-2.084209004689642,-1.4247595757243088,-0.006868647455307523,1.2807128850789486,0
1.621764026841341,-4.812908643688986,-0.5296349815143565,1.079928152730208,-1.3284127261802698,-0.17291536142986774,-2.3545463445642367,-1.1942026984159644,0.9414295425215728,0.39276972742027794,0
0.7344713779476233,3.657666022134775,1.1901882388569538,-1.4430350217687202,1.224184360718622,0.2506078026403744,0.33464542305576817,0.8535270528923362,-0.8137044591859118,1.1271444624067677,0
0.10806560883125567,5.211445243206399,1.6713100094550233,-1.6445029335157986,2.6869189976427372,0.8331121425823691,1.0828674881487432,0.8170580109480783,-0.8982075031568557,0.4911920807426914,0
1.82727292198594,-4.004516509278108,-0.35800694947349604,1.3807930387227292,-1.0828043694068545,0.432662254160358,-1.8464781473609815,-1.2471701330781342,0.24299314108007022,0.7363103973785068,0
-2.8779390689609006,9.208950845324946,-1.0430606315771564,-0.14428070780434876,2.8809439751488597,3.888828695926132,5.2833863297069446,2.1059959360823086,-1.642328955417878,-3.603038455097133,1
-1.160182618296572,6.210524141861309,0.22979839267901972,-1.3692599231718194,2.808304664082411,1.769813499911244,2.0205316711778636,1.9108961036729781,0.17993765970509112,-2.4081450868850918,1
-1.8205023571681502,1.2370912527838522,0.20427049631964903,-2.168675128033616,-0.00878159835903447,-1.6406925133617836,0.7590180135516713,-1.1878708392925759,-0.9355384071347277,1.5144274702993705,0
-2.749237876884723,-5.767445920911534,-1.1092657128825572,1.7231653809473109,-1.0471076063483264,-1.575042884605907,0.035988021611014664,-2.0237901721341887,1.3622704346541532,-1.714069670806777,0
-0.029186243499345742,0.6285331728258795,1.0600637971903055,-0.9214630172691968,-0.016473385998425183,-1.3613757853277544,-0.04898845914331362,-0.038185330905526005,-0.5816270087149454,1.6886089697242186,0
-0.7655164109303271,0.9684390997570101,0.7452338087789715,0.14632452111662586,-1.5035553279135487,-2.052279334923323,1.3215943690043477,1.140051125839166,-1.2508605291394592,1.8008770198625061,1
-0.7818429785846432,-3.067604189117506,2.6744766432258205,1.1825764960796843,0.8250735447597721,-2.667609267229367,-0.27168028413522627,-0.9256328463471801,0.17305069054310268,1.4626317469845995,0
2.0557335397772554,3.725139539192008,-1.237766252108283,-0.9554580935173125,1.4356192282028477,3.9242366719853856,-0.3373761408926439,0.544227445675495,-0.10276531209965763,-1.3959051257900483,1
0.558565190123113,-3.6508243536631695,1.9499249699843095,4.721521011139011,1.0675269817994675,0.6481500271147842,0.5419187810308504,-0.39119680021139014,-0.19784500144822878,-0.365444644149014,1
-2.0214233385996097,0.9176467651803368,-1.865634712093526,-0.7622311388649348,-1.2685671043829547,-0.12490936998111968,1.4456109949584186,-0.27786278665267927,-0.513526613556085,-0.6743429217157093,1
2.3029459578939657,1.6927672420589437,2.0597504098710657,-0.2240051817234866,1.0982362132504107,0.38103440815022904,-0.6198236825240313,0.28724162948370946,-1.1650155645572513,2.393008215320883,0
-3.073647977713243,-1.0815016339377852,-0.5452086944335318,-0.9134492156607736,-0.6453161594260393,-1.867911943777487,1.2368379283538538,-1.9840920057574007,-0.6667453119055008,0.5962962529948479,0
-0.5897496282704356,-2.5575825888958947,1.4599503820855733,0.679170731170345,0.5471035245080638,-1.9022873153692876,-0.670607455866445,-0.20942491264745278,1.1011006911090384,-0.016596270119999756,0
0.7468897141654788,-0.6902548183165566,-2.107949762491781,-1.3619667368513948,-1.7079380355598888,0.47023079041414406,-1.2896510971323383,-0.4061930846535201,0.42050912722986844,-0.08926242142683105,0
-1.2782466331532991,-2.079029544184151,0.33450379632600175,1.437771404523784,0.21941912369850458,-0.8000851429604622,0.40989080304288295,-0.10444525928291226,0.8137109059496223,-1.1764632176292684,0
3.935500952706653,-2.6382501495846062,-1.6133742414933365,0.9357678864522815,-2.2177327658813217,1.963496630210761,-2.6625493408706133,-0.04844311796045875,0.1553214467968925,0.7369884557939845,0
1.8842325611373152,0.11376901355621578,1.1029136147500387,-1.9995226270922148,0.8026853629407354,-0.8182730477770654,-2.5072745996620203,0.46185328108044976,1.3274288738944344,0.791325028195766,1
4.356529366851422,-1.8892432157432237,-2.6078164273437183,-2.167044187767512,-2.5917150871757886,0.9096111741495208,-4.815623164537779,1.2911221888939228,2.600497582816512,-0.5109982042880918,0
0.9772537237374204,5.5815799348160775,3.732613446916365,-0.9198029600909493,4.727972606277153,1.3875867753589932,1.0672988483228396,0.18215166757138235,-1.571564347630507,1.514583814749692,0
-2.1993550219063973,-0.8613812478775924,0.3231771887271359,-0.7506447538063319,0.035390705493714814,-1.9736555749050617,0.5659864700011645,-0.9477263967161592,0.13233014306759838,0.2418447339309755,0
0.7994566483955003,4.140712089378721,1.2041471944023745,-1.994015239559857,1.1563016960288541,0.04794311773988902,0.2254418517914184,0.9609406844488895,-0.8582405503978847,1.4040018567852002,0
-1.1339477455368585,-5.295999193184993,-1.0265940790442092,2.292531600215221,-1.0841224059805326,-0.5536848992641893,-0.46916319029710285,-1.1598585476861438,1.3648301635732119,-1.7140179396699269,0
-3.4635530870891977,2.4254426421217445,0.12093512204186029,-1.043672136130145,2.02247639146249,0.050406026811598004,2.553099197780327,-1.5620945519087899,-0.9187289324852154,-0.771736818473594,0
-1.1441505733247077,5.353448313999447,0.9854361038276077,-2.76827276905801,2.7441496815035737,0.7839054679001012,1.5363599541793913,-0.8088653881785253,-1.5058855438690237,0.8607834620974891,0
-0.8157472516990241,-4.2249655941722954,-0.7032657838546029,1.680210145119226,-1.014058472667016,-0.07568644117172774,0.06171157772274216,-2.6951430828780856,-0.7065197998981247,0.6182179403210137,0
-1.4898865273695892,-4.172989106399355,1.5109634077370149,2.1777828563889647,0.4672770062727325,-1.9167964198211633,0.1279663745025672,-1.1059482854357765,0.6602404232259516,-0.1459331685407007,0
-0.28915539773856763,2.293771503745945,0.13145879975143868,-0.42989083040527953,-0.811636905324889,-0.9803017034281576,0.8427976684953753,2.272051397184025,-0.02304123777521986,-0.040462926767829144,1
-4.7013236948973285,-0.7426784246406116,0.6365542690880753,-0.4068240744764199,1.854035655824953,-1.3340451856975228,2.535765342866816,-3.6996302928523757,-1.2437081929163742,0.22793285720689005,0
0.008587315444308637,3.464596472431111,0.5537954340886118,-2.028163884188481,0.8789284524440297,0.08750183643110021,0.5127676913768079,0.09643459133122878,-1.008322294109741,1.207046807952425,0
1.2242991264098584,-4.9178342671287405,-1.7312099009492996,1.683208411073212,-2.147854054506257,1.0749315910046344,-1.2828778578172175,-2.6260788621694253,-0.6829970525507618,0.9944522950398522,0
1.062134045601463,-5.232131379987774,0.06216010344871622,2.391860609825069,-0.8577326547760747,-0.23474780449159727,-1.6075574517024727,-0.9380058588768629,0.9616131619306402,-0.16067504099828533,0
-3.3853034886478732,1.5723473534939916,0.3535248097931762,-1.1154965361579576,1.044364192253224,-1.492332479535296,1.980772231941021,-0.47677462298609774,-0.14092101398574397,-0.6552023248690584,0
1.6531034524037802,-4.653700981329229,0.614802043198232,1.8464147975444751,-2.44887135221993,-1.6271497837397004,-1.4373527432169402,-0.7331205696055186,-0.6139388715497253,2.693726746955253,0
-0.4438594882951105,4.431199342848681,-2.12661541290275,-0.8181895474097314,1.4192666117694575,3.9038651973965437,1.6167329577123641,0.032431973761851696,-0.5701648686030444,-2.4804188670162803,1
-0.5501315262994224,-4.5793698971517065,1.518089953557057,0.7440957332591422,-1.445913206410201,-3.3371065100344026,-0.7090447899518413,-1.9031477601121085,-0.708955355000256,3.125208751985324,0
-2.985655947171,-0.08663188938478135,1.902750946817798,0.3953270957626578,2.8636581740918574,-0.5310053732116538,2.0570699795215583,-2.8713123445620115,-1.2762615205855092,0.5434722594169656,0
-4.836782847829814,-4.751558946715462,0.7554707427021161,1.4430893350848457,0.4368462614777523,-2.7055558544708456,1.997139447163188,-4.077854997665398,-0.7806536688907044,0.48302357330853596,0
-0.24192097440858826,-5.991000583387595,-0.9460254598459849,1.3855729497296612,-1.7281101559187801,-1.2416950865700105,-1.6555169716460623,-1.446230786698089,1.4320295482564345,-0.5175737582752606,0
2.0097940289474323,3.2412191118658695,0.2553900168946085,-0.965675107054009,1.3972764871374954,2.029150617961206,-0.5716289607876999,1.1102032995886109,0.019360650869420234,-0.2744170065931,1
-5.023616269902998,-3.987315265344369,2.1550207299692157,0.3821949835279195,1.4421542081894594,-4.5568446488895855,1.1698221821899715,-2.137813380804497,1.1638052518690913,-0.42449021500720585,0
-1.4788509761894495,-2.5465635035547223,0.5056927851322361,0.029151919568427886,0.14871945921212326,-2.0038991070815753,-0.4819881183408723,-0.49663877081778207,1.3634468396374815,-0.6497102926898435,0
-3.1257749928184557,-7.240814998797553,-3.6900001682248917,1.1028815273043242,-2.450153026583858,-1.288898715740227,-1.066435994381195,-1.4072249767126384,3.5268116002377603,-4.433196338357293,0
-1.4101795873484082,-6.433670054054729,-1.6756668939707975,0.5667644488196961,-1.7695679354606568,-1.9552557348126263,-1.9274314269708768,-1.1853928684616972,2.8333415762430776,-2.068197656448742,0
-1.5748615300323663,4.394372375113659,0.6326009775959195,-3.888501805050525,0.613965150145988,-1.9889556123894279,0.7115449476597497,0.6345878190421923,-0.39238586833014216,1.2016569607543457,0
-4.419681708594212,-5.0499424489049,1.684819700860146,1.0509486199745068,0.1820428014825135,-4.118923971881857,1.3381318904092352,-3.4083808628177867,-0.43097361140556606,1.3411733518235232,0
-0.6389177261163289,3.0335410658390454,0.5111276163638308,-2.355890024444057,-0.16997745460587033,-1.7406281501521415,0.33120631581408644,1.4971199770612098,0.018327995168228486,0.7604249190975274,0
-6.134196903146117,-1.0704006975920273,0.40249488638063574,-0.4171071298737806,2.337621877738984,-1.3575444923998765,3.2822992006785343,-4.788432441910028,-1.4194833730316256,-0.21552883189562366,0
-3.939811467770761,-6.440045315648704,-0.008722696577607159,2.3253332088670775,0.20523220044886115,-2.7173130830650365,0.18535166978796025,-1.1747959464811943,2.916337827733448,-3.3580370188589077,0
-0.8613602156726535,4.766198158638264,-0.26956816727393673,-1.2144711356737226,2.7625413757543997,2.2368907526739856,1.303314639863152,1.0640436574000405,0.5549853199498238,-2.71652850570071,1
-2.2032838532310164,6.303204260048649,0.7980210102091313,-3.4397644496563116,3.274771086299864,0.8084525662874207,2.196703232234001,-1.2180264890858297,-1.657097750207695,0.5155102988974292,0
-4.304107154850103,-7.82847145066583,-0.7134673010624177,2.485616768517017,-0.5491559353525737,-2.765277172157844,0.1434903352049186,-2.2553024739365592,2.5968830704170918,-3.043833589681671,0
-2.257011148543827,3.7239283411268325,1.8367511833931345,-1.0343296880794755,3.497364781873569,0.2881051409454136,2.227961268309522,-1.00902497793898,-1.0996465151283512,-0.019773829835573853,0
-1.7803477039176656,-7.522300881203227,-4.1210879091452615,2.843475301738795,-2.777635790845351,0.6773067432867697,-0.7851019628669904,-1.599446175763998,2.5322204738605274,-4.258266431278612,0
-0.29792302477324134,0.922662828111142,0.8917599499985777,0.8314311457128614,-0.7379424697580179,-1.1091752344746713,1.1979697188535616,1.288037835935271,-0.9023264536989788,0.9947443940527068,1
-0.3887912811747811,-4.120677258780455,-3.122275164243286,-0.4696553286292835,-2.6892539387626853,0.045750205227845564,-1.40285388147023,-2.161053557255349,0.6235611032596217,-0.4390311256856291,0
0.9407378217214712,1.6721966897219736,0.7405534384774957,1.154402967254225,-0.8359193925339181,-0.417801717614553,0.6767514803599404,2.923697756575047,-0.1526436319884619,0.0980419478291642,1
-1.4535236926034334,-3.6956645703693747,-2.617112334795508,-0.6340848106113495,-1.8001375289953416,-1.0220679389222949,-1.3835142256247004,-0.42422676655539215,2.5914115835790383,-2.612635031689123,0
1.1295139679747022,5.513716805489149,-1.6053906564916964,-1.5425835399435601,-1.602772877252537,1.1767983793757466,0.933441252012009,3.4054202269990994,-0.6344536083501735,-0.3382541275139259,1
-1.1914685992790621,3.705536484278384,0.3522792337003261,-1.343157722686821,1.9627433958548415,1.0176172183842733,1.585971686872413,-0.548266559904263,-1.0734817558706586,-0.07051320082146639,0
-2.2038256355135895,3.079874153940523,2.1806363722773145,-1.9036001686573145,2.783139910199145,-1.1944941767323412,1.5689431608636504,-1.113681060311882,-1.0466594201185013,1.1692635332342078,0
-0.19551571620284644,-4.499809216673755,-2.2724902293857703,-0.8065231927989474,-2.070671574874107,-0.9287164320524527,-2.2902292848690413,-1.29417715107719,1.961199709940338,-1.0052065042546654,0
-1.1164892205920627,-8.552435653286494,-3.0986242627988374,2.3664489215969517,-2.6382377913857393,-0.49476431720763325,-1.9486804627434533,-1.7135149873753568,2.976486927801164,-3.2602088103098263,0
-1.9878437542535983,-3.859987548839816,0.5075797038377782,0.9983739527154661,0.061091505172838234,-2.1341571269779216,-0.21470745948204706,-0.87928613388469,1.4452981668469946,-1.0006034998807463,0
-0.9514038431861812,-3.053534528468758e-05,0.5557432499303342,-0.6463256115176703,0.0359808105479531,-1.1295110527300345,0.4483245043923971,-0.8976566102610704,-0.7124056262919576,1.2223502849657044,0
-2.636481325667578,-5.060025675816405,-0.46428531216229446,1.011630805565458,-0.5962423145616392,-2.349539231861547,-0.4081503447207495,-1.0519902262119232,2.1578477130279534,-1.9549192390878403,0
-1.6349354371494746,-6.844632569248453,-0.9660867735808563,1.8092489269190994,-1.1603784839575062,-1.8804167710598947,-1.4248973618970586,-0.97034533372152,2.8733657459277495,-2.4904698029481382,0
0.3465413649771446,-3.43076625355323,-0.4730909440369238,1.5641501986530317,-0.8374085697597472,-0.015057610410516453,-0.8287358779496773,-0.6423633408792115,0.6652804648651282,-0.48700892771220916,0
1.0922844303540742,2.9364646563046986,0.5348990224178898,-2.0945267651517145,-0.588246580359538,-1.0633174635585494,-0.5086627943583022,1.8626694446883127,-0.16864697929369138,1.4241354849654857,0
1.5550936772464727,2.8232393262108118,-0.16051311909917368,0.08893243386689109,-1.3016060667459066,0.830524829197895,0.8061811230712272,1.4324898385549882,-1.8560085855481043,1.7079133772715738,1
0.17681530531109496,3.511697394811342,-0.35915461121391196,-2.300129793334853,-2.03304716599182,-2.104518180277858,0.06513726400147846,3.5445715254727745,0.44546070263801985,0.48585294768513265,1
2.29809270691805,-2.706527157969024,-0.948661008780008,0.8181415793867686,-1.3359826283478513,0.8533725871720819,-2.051369110460157,-0.04241835530940885,0.7711042550393127,-0.03634759031241852,0
-1.5355081767842473,5.172106586394642,0.8145747395035167,-1.2228726146683413,2.1501846232776662,0.3123357534344787,2.0333618688475807,1.7753422099030058,-0.060667843136979004,-1.3630964457397443,1
-0.7181196726780114,2.686795766484988,-0.04318742959912423,-1.8170529420024555,0.02323136317692942,-0.5934343788022256,0.6693512931651089,0.5210522060597584,-0.48321212706255195,0.5306604604712141,0
-0.26845663457394775,3.2172582907183513,3.109054340519115,-1.7301444402649802,2.8383285266118627,-1.0724364142497966,0.5565983828089286,-0.39827707801368106,-1.1124965107985967,2.2203078713476243,0
-3.378181846375459,0.9356634005811926,0.06257267292257887,-1.8849679458189041,0.6471558557565434,-1.630229234038833,1.6497377117054661,-1.9890836251730404,-0.9017724121498002,0.6583394075838948,0
-4.316212179178667,-4.477861801357841,2.166120459796687,0.7214723028483664,1.542891823596249,-4.317249981660989,0.47460788523143704,-1.48013077791751,2.0079312891984737,-1.154531442439267,0
-6.386494995129097,4.406575880072006,0.8450000094824932,-2.0742690977246676,4.68197112070852,0.013899939924720606,4.386380098514217,-2.997074437608344,-1.2167383853529656,-1.704521888589019,0
-2.9615853272553285,3.349013991974692,1.5432938198968147,-0.49572786945942093,3.08835531579587,-0.27416590112904604,2.520348130005,0.07055371967330326,-0.20288622279407575,-1.3130924838255837,0
-0.10165792606301519,3.0826592310852083,-2.2916272862130698,-3.9504720092943266,-2.540123699395066,-0.781085984740318,-0.2565879392894823,0.4957627167097036,-0.7324677429041561,1.4301580649368557,0
-0.0515565400825148,-2.255131137844095,-1.731364625504629,-2.093026603444318,-1.4102482789804014,-1.7352196284913468,-2.7336111198780166,1.1870816690165493,3.5681995671937337,-2.2910690560737677,0
0.6506798231971482,-0.3346682000557171,1.0090934387582786,1.0373730935848977,0.5183473302343526,0.3196429791840636,0.15689344589513843,-0.35312902438127247,-0.740177502261797,0.8967494209301541,0
-1.4556888521350038,1.6446433328671046,1.3602357243988112,-0.7254938497794108,1.7208178368913514,-0.5981578582871345,1.1850990175179617,-0.7863087473164203,-0.7747199700569708,0.6447584921631613,0
-0.11362663142079762,-3.996718768023917,-2.6463913529560465,0.07384716426400972,-1.8288066763470905,-0.09401725155651153,-1.9838071249577998,-0.011024397188459933,2.7481108653129662,-2.7712005467707885,0
-1.0805039870611914,3.4828354107392694,4.05642808077194,-0.33334953889269026,4.841913853548203,-0.08836136283447271,1.680966489316359,-0.8833625819177263,-1.2559015075821913,1.163369797780634,0
0.07207419713663994,-0.10120909779026264,1.2610785149600532,-0.03119630142412566,0.09184391717007823,-1.138563370866155,0.0519886103731213,-0.1533816484401399,-0.6196227814717298,1.546835103811747,0
-1.7362053014094614,-5.508950785316302,-1.3225931475028085,1.897112700049242,-1.5587441095164016,-0.61175286925889,0.12235071957165022,-2.9144985132079952,-0.14483966361910725,-0.1385833482921699,0
-4.55181583069572,-8.391505015314026,-2.1813393080706414,1.4791220079966196,-1.6377106706727553,-2.8841722512224206,-0.44980201821742405,-2.50062494315445,3.1516729828973538,-3.529077172277379,0
-2.4842298797920184,-4.506223911534835,-0.20464135612166942,0.8354878351633415,-0.4260577634667845,-2.5605165898955953,-0.5171813860433838,-0.3159378633389206,2.5355252888110114,-2.2184312774660615,0
1.4123338888927843,2.5420977374564897,-0.2582779854835175,-1.1512729309471204,0.811046292813651,1.6827979862472957,-0.44492765714207705,0.43841351078204505,-0.18863861043694752,-0.05047723908944368,1
-1.6308130692447544,-0.35771213237473576,2.1518295787791213,0.5395194753841521,2.0817417096329374,-0.8760573872988319,1.204447311289528,-1.8553863127857306,-1.0406230883969965,1.1352615829441441,0
0.3628718008970161,-1.870377429019259,-0.32906864039650235,-0.02990770723968983,-0.6323357795658217,-1.1689902727242343,-1.6464519659958472,1.6498419699395255,2.5889621803998053,-1.8414963482148683,0
-0.8026764236049335,-7.151182612846832,-2.0861324645916137,2.0550226502538806,-1.6839705205722533,0.06658013702603371,-1.311942293515297,-2.9498907879998018,1.169982955817277,-1.3051737698652182,0
-4.180604923302784,-0.39025891046269257,3.0677989062331754,0.26579490617013923,4.146982776386426,-1.2379719962446254,2.620668714662337,-4.269549791395182,-1.7719081009147448,1.2308352270602299,0
-3.1292441979053645,-3.0026064615053634,-0.7402151213906218,-0.12956481718306456,-0.44505813223874047,-2.1772833195504697,0.263129164912669,-1.0107756090170232,1.5486415988820978,-1.6795710980516034,0
2.347464095700127,2.791211535256101,-1.4891233374007842,-2.223540778012297,-2.239801928739175,0.5505142044424813,-1.0237545907069006,1.5574225852812384,-0.7055097533002329,1.548414631350624,0
-1.2332651536493044,-5.495149954939612,-2.6293874672397592,0.5740214539510278,-1.7963137366450967,-0.7421718372212667,-1.7173053972598544,-0.7201689235348232,3.024841979747806,-3.1703542416414368,0
-0.8671151288910133,6.554411780662653,1.9193960618733021,-2.9670273547412256,2.976653705249856,-0.16554831321198893,1.4307806152157219,1.1397019387345417,-0.7377276006397556,0.544259861875789,0
-0.3175476503168666,-4.158854316491378,0.4712193780827945,2.3614801004209065,-0.3631416266849885,-0.49205718054246217,-0.14005045321758325,-1.5681923590587297,-0.11967271507393955,0.3554010914888499,0
-1.662071873154413,-2.168601098036527,-0.2930927668646936,-1.8610323900253065,-0.33664648251062623,-3.0968061349725367,-1.704378003067204,0.897664268706549,3.3788440545793668,-2.0403582287024307,0
1.4326433999973862,-0.7574390219192879,2.4875365829787697,0.5000568558114116,0.523237303487152,-1.1446705112519129,-0.6740757335918757,-0.4066741353481025,-1.0035298647477415,2.853096433228351,0
-6.7831450546773056,-0.4761979835767289,0.6362034056572689,-0.597215957970161,2.712543243038526,-1.717129282879363,3.691572253050166,-4.439230586645897,-1.2011781935594343,-0.6307970316906251,0
-2.7072291561215276,-0.7008945582339006,2.3779848110560198,0.6849046704762696,2.986135097878407,-0.6413209110909652,1.8953487895547059,-3.392250922121759,-1.6225945837081959,1.2527835829353915,0
-1.2720312822128792,-4.723867338409579,0.19583342612538454,0.38962719038662974,-0.2317705242495406,-2.701803696560158,-1.7953088892327775,0.2805763469370679,3.359418327687337,-2.1815453231205675,0
-0.9556937235658777,0.39144660169457407,1.9984460768936068,-0.6642920739387026,0.8437782505853793,-2.2554689469825595,0.2877067215013356,0.14543521592023434,-0.06571391046468397,1.2245056106036354,0
-4.96238244756192,0.34777727981657647,2.354176261854429,-0.11575309584756388,4.397364631327305,-0.630044720597744,3.2045874998898007,-4.671844468941411,-1.889626673055648,0.5415081859387181,0
4.035794811992388,-1.770466277243145,3.0775796226422725,2.4343187354356095,0.1366085119380902,-0.31046914607788945,-1.8073448658633704,1.2561655988148437,-0.440721347731181,2.6987521774900154,1
-2.0935778332987036,6.082310477492498,0.9228143782768998,-4.132597029617413,2.746448918249359,-0.09910016268051824,1.734863058282217,-1.1683009296997133,-1.6003031344452585,1.2558641457158557,0
-1.8623438199379512,0.7587724274895435,1.9048190107717566,0.01008870382584015,1.9180409659461726,-1.1221627183115068,1.3713852763809995,-0.8129269390025392,-0.59992367758561,0.5236979827463659,0
-2.574560118026665,-0.4589602894727449,0.999017695984106,-0.831595800969901,0.7004907676080749,-2.00057308090854,1.1083063675207083,-1.8737422276802147,-0.7756913591558782,1.185400695863128,0
-3.489393499052802,-2.5771661779577753,1.7291909989805736,1.9707243730877235,2.0594651056312916,-1.190875460295194,2.0749920930658545,-2.7714380089724937,-0.667884031059115,-0.16873139880632815,0
-4.84198155647089,-2.1987738406919357,0.9869704793502969,0.7560241531892444,1.6435345080279693,-1.8402532411013257,2.52443873818891,-3.42999392857777,-0.8346033484297859,-0.11690749613772544,0
0.11249838295462058,1.485518849670243,1.1694023162422338,-1.293238109793346,0.25920136387630477,-1.1904168610659358,-7.481679688559062e-05,0.18895395493340095,-0.6512672252204744,1.7287405052723086,0
1.4109115890154247,-6.63154047225748,-2.4763061207698955,3.0705013448041134,-2.563368339217795,1.3403574375910576,-1.8895947369472341,-1.2279025853634393,1.2375779509701292,-1.5035354660883298,0
1.213144979098736,-2.2945035496169277,-2.391949619439598,-0.3390745550137244,-2.018269860455974,0.7079321849736018,-1.8778688604477098,-0.09232645856540567,1.2460208273541047,-0.9870558320364106,0
1.0037880152503271,1.4952472783278676,1.3650584352973567,0.37172810353612995,0.8809378226346005,0.26814561242287516,0.18089180460394105,0.878861100029112,-0.4921375457287305,0.7169294597669731,0
-0.4429667966105083,1.53018432683553,1.4858028597966455,-0.9064586836344716,0.910297899792566,-1.0953737260213192,0.466409966402316,0.022311161076351116,-0.6257472900324598,1.3017146592434232,0
-1.6771644077372905,0.8367200634457905,1.327712755652957,0.5237881860267191,2.7405928587317474,0.9367348745554733,1.7606785212204947,-2.359037059138715,-1.4383170253715878,0.30769179943045466,0
-3.6543491044599397,-4.731755602297895,-0.03294357251089259,0.01651017201334437,0.0005289354436992522,-4.035914166723135,-0.9145467246931529,0.6887534428297926,4.413312312632352,-3.8213305257764705,0
1.1204183746661909,-2.603032215699278,-2.0462437634602777,-0.18395969289097658,-2.1798889554043503,0.03668174775781852,-1.9464013001620526,0.3544245770016059,1.5217511671617523,-0.9601304140406189,0
-2.002909504456661,3.4151553760190603,-1.938513076084943,-0.9713280705897773,-2.683972609933778,-0.7175421086786977,2.698327888896127,1.4485007553735914,-1.728534645450836,0.4161779302377313,1
-4.024740880990348,1.5432559490043891,0.5927494589860433,-0.17480243190043376,2.815294063457242,0.23867475856781395,2.9457631761890446,-2.3702747766995333,-1.0238067705230345,-1.0298233745271679,0
0.45435665227870886,-3.782803197831358,-2.890980817835671,-0.4337620331582328,-2.165611337934842,0.10501295465694938,-2.359261493350223,-0.22784810177096892,2.447048088589007,-2.1526524142907695,0
-1.7237941665489174,1.6795100535697198,-1.2512448582587075,-1.8697134724260294,-0.6979135217965033,-0.4066239356254543,1.0602745664415343,-0.7463915904101031,-0.8295473877555626,0.34737938719474104,0
0.6398216763257556,-3.279379898845228,-0.032245826962854676,1.43362322175948,-0.972667028769137,-0.12473908237290221,-0.6678627815935939,-1.4021877470967818,-0.4564065167888894,1.0755133760296522,0
-3.7209983255125656,-4.703694977718214,-2.181538691167676,-0.499684017778665,-1.2928413660149927,-2.6518865884939142,-0.6765244355894677,-0.5688408082586993,3.4848729654525976,-3.7006888017025577,0
0.7915156084329632,-5.49919342393888,0.7328998658124611,2.5258742350975445,-0.5498923181776574,-0.467658064936886,-1.2010144879297937,-2.09884956450781,-0.08000573095600294,1.1447449876031657,0
-2.8431523588389744,-2.76009653313539,-0.057016967294786336,0.8404415915324625,-0.29943259166495695,-1.6611973435530811,1.117543368399435,-1.7704541506948472,-0.08503145526942528,-0.2254975424953407,0
0.4712137627003295,-3.6339850384764008,0.018370099208821156,1.885039869434686,-0.9861165047363708,-0.009906607602615303,-0.3730847804063352,-1.786506798061386,-0.8116220355374683,1.2597303991597522,0
-0.14900739577518146,-2.976232630216488,2.143423774734833,1.7912965239798342,0.23021585780653298,-1.7501055069977176,-0.05022198698961211,-0.990035839636744,-0.5243219461701653,1.7604911199281283,0
-2.5650542432933587,2.7373036569461244,1.1439430392041372,-2.187801781339929,2.249378625320675,-0.7195019936991693,1.686161623623281,-1.981664905408687,-1.3658503350827618,1.109940943080685,0
3.5477325009121303,-1.8564141820541615,-0.6472185010116025,0.9936419597400085,-1.4111854197721503,1.3964688358116732,-2.2898492097975574,0.6575114580405514,0.4206271341513124,0.5097726411096319,0
0.446644488340008,-0.5733679139665447,1.0360426138191947,-0.2178905310115069,-0.5961038051186514,-1.4710239935979084,-0.398071275085897,-0.042508407936433734,-0.5464628432466324,1.9229676918414769,0
-1.5656513731455743,-5.8456124025192855,1.126425427236469,2.5381284222981098,0.20882438859995434,-1.345901868703387,0.14338300930754744,-3.471124052177341,-0.5488970547358746,1.099087711987996,0
-1.4402094978900277,-6.358649701040811,-0.7605081438687749,3.155779572054358,-1.1675400186177967,-0.45832461871212793,0.08009228147661651,-2.5134196842965957,0.24744174954573603,-0.6771917148002253,0
-1.509608320611818,-0.5175931637418006,3.0125243403646444,1.5310156955377363,3.364818579778323,-0.05427667775305389,1.5864672539725697,-2.5897555557988063,-1.5136698431583533,1.2072533165711596,0
-4.1397333213870136,1.2963543875624406,0.31628711510270385,-1.9396435766601032,1.1291324144052142,-1.9596897574743877,2.0831757188644007,-1.8097661782086947,-0.6505536228846287,0.15016443443721106,0
0.3046901271443604,-2.44952329836144,-2.3554653346765186,-0.363593896875092,-1.81679163612672,0.329878406295816,-1.4350816185580786,-0.42121108211598224,1.2698562943758227,-1.2266855599986008,0
-0.12995065775797804,0.902337050038672,0.29078464358322653,-0.6616923684138728,0.34486901300761286,0.19666296786950666,0.4423180232908491,-1.1242150232570154,-1.258832903982725,1.3821712086726565,0
-0.9705270923629096,-0.3432433206475406,1.2111217702453208,0.6479178972601072,0.5255584517649635,-1.1612780322637504,0.7215254954065573,0.05712468112656843,-0.12939936359748977,0.28459796793069647,0
-2.3023120565803885,5.379201672924476,-2.3256255510429913,-0.6022954103708658,1.1800491160899702,3.20712800712055,3.2522010435886877,0.5586051743860869,-0.8417993246715786,-3.120503025709965,1
1.8062059927471812,0.9101984210272415,0.26169861210617257,0.4240205403174411,-1.8415256131851305,-0.46555144396326475,-0.16012299554255227,1.8939493317986034,-0.8439021787283155,1.673276653590365,1
-1.4587577933495206,-4.736943631527744,-2.4811628502762666,-0.7229396030691813,-1.71084981531714,-1.337446813730058,-1.8809772138402852,-1.0314727377105115,2.8316011404628827,-2.430107080659891,0
-4.1614379880421355,-5.3990749047423074,0.44688681306245237,1.1654945059435788,0.30359494214712357,-3.6413386625831676,0.11364576539290372,-0.8304552588793651,2.925091915848432,-2.7539901543976626,0
-0.5969341631923577,-2.476494768379339,-0.043945987651914854,0.8916755122575972,-1.5979136884709653,-1.5805057090597157,0.05000143803693757,-0.3693748750959983,-0.2111989832018488,0.8612361998036282,0
1.3701260379933424,-5.172585671723772,-0.5239323242392004,3.166770214333734,-1.2111020474217855,0.7888421032908417,-1.2037384641753994,-0.9882839628001778,0.46526808482262894,-0.3602133212856976,0
0.07248202734970934,3.2114427856929413,-1.1286238376986337,-1.0955909091943146,1.1829951404639814,2.346347839555529,0.5506650215992074,0.31130124454650676,0.0038310301161175787,-1.5726622960073153,1
-0.6783574346348427,-1.907872837824613,1.096300239685836,0.6600003054577878,0.10704916542955223,-1.24585635152203,0.1766483441913782,-1.3518750089940175,-0.6256749743370367,1.36306943542426,0
2.682223706639319,4.222633058465871,1.9851533303549753,-1.4616505274909273,1.5463654862879315,0.8577737805673034,-0.5438025405386604,1.188785805915682,-1.1762637229374817,2.251834072661169,0
1.4038695703711626,-5.457819449464683,-1.51941442434708,2.650375364654489,-2.0478246889420646,1.1069063122089053,-1.347311166746879,-1.7685143786804178,0.00815990112121008,0.07949317706340575,0
-0.3688115205012749,-3.336071534087749,-2.5997014550120348,-1.1861787079014352,-1.7758543494259693,-0.9276182006642676,-2.408978088904196,0.5031761878506118,3.4203247480987606,-2.928247351829542,0
-5.305302277236512,-2.7187934513080516,0.19171310134201316,0.04783567910044639,0.3181920968584091,-2.884292893636043,2.262358491798648,-3.1261325670552114,-0.45496676281898457,-0.0859293105587624,0
-2.6626667328755476,-5.898722305224088,-0.15113778634800762,1.6130393439461077,-2.0359242457777578,-3.0418066385994154,0.4071604013199902,-2.4939407953527626,-0.22730175762979335,1.0379843702179123,0
-0.7954920785249913,0.1792203694493983,-0.08231866919436859,-0.9534545752442544,-0.8621487926550908,-1.3175114974037363,0.29196721744971454,-0.272368361684179,-0.5185158382747006,1.0930336996930008,0
-0.5450595396489909,1.8982438900020684,0.4545775369990464,-0.37662350555799295,-1.0389111115652478,-1.6172490753232878,0.9711253973278389,2.0280818021571516,-0.3198413511543335,0.5934638947969151,1
1.5606807521199846,-1.345858178614054,2.523651691106699,2.0881239503349613,0.7764763522282601,-0.5718562327152692,-0.45839555708950797,0.5957468020305254,-0.23370989568090705,1.31343599562821,1
-0.41056824089929544,-4.349497102772503,-1.564918751897118,0.20601530744553442,-1.6564955843173657,-0.9561496164820527,-1.5998934982595814,-0.901660954988111,1.7125764660262914,-1.0983775271617537,0
-3.213992465659905,5.501569075547051,2.1811522914667547,-1.4970191966652815,5.255569136796451,1.1198374802536732,3.17618473023525,-1.5808556463053969,-1.394444018328164,-0.6640274992012989,0
-3.4886274203226746,-5.978134106660278,-0.7964788462694565,0.382212519055946,-0.8560368855557068,-3.92247559423852,-1.2756621564161787,0.49043883402790067,4.634055807754385,-4.061773702819703,0
-2.2815680770410083,-0.6008382961278903,0.5058972945961073,-0.6338007017254398,0.39691826983712,-1.4116961766813887,1.0785928737202206,-2.075891586267124,-0.9830910529338163,1.1446029438728553,0
0.19845483077391352,-2.654117853561198,-0.8253831792125509,0.023548876128744567,-1.1449449816518606,-0.6684493334593138,-1.2905089284890765,-0.362485316590509,1.0687680039132992,-0.37608192350524927,0
0.160948001064439,5.117602653128264,0.7248837362655393,-2.940359666832281,0.8462055650421059,-0.4158056165348186,0.44415820516393145,1.4908378295434535,-0.5668246451309966,1.0087395803768098,0
-0.3964899422014168,-0.4725290149494805,1.1293140399138408,1.0746047409241513,-1.9520454634910798,-2.3986549725518564,1.1246836844014945,0.8580515714067596,-1.50693929753479,2.474264725958249,1
-1.1533731092315003,1.0958647420101162,-1.0331835989453177,1.617703197323196,-0.8809533375933275,0.6004420229503271,1.9704286178841817,1.67869945007859,-0.14216074447825358,-1.802515701638748,1
0.41077832175153883,-6.380066310404637,-0.7817911534500867,3.034309799165224,-1.288806124983121,0.11882058491343561,-1.2929446951012624,-1.5686934987626522,1.0044648661466773,-0.8466598475964486,0
-3.100106425975214,-1.0182127602031474,0.33853793823827344,0.3073700269192965,1.1954976905707966,-0.49367918841267233,1.8768424886165667,-2.962242445626479,-1.1977517888616267,0.28457582457105557,0
-4.623646752839441,-3.982359226549988,0.7454707420225183,0.9299321261085978,0.601850754285393,-2.4329077648175197,1.9970781869168337,-4.2326702443721125,-1.113240289641665,0.8590804941241732,0
-1.6246252030117931,-1.1377461050000701,0.9866070006133314,-0.3305451266465579,-0.05756149367286567,-2.158441317560923,0.5022988389758192,-1.1049692969769793,-0.4741160881483338,1.324673901700298,0
0.04677703871500131,-4.246494540820474,-0.7449236961004392,0.6813907454305594,-1.0132644370794006,-0.9166035788198065,-1.7201039714902007,-0.48472988749768264,1.8748745330215704,-1.1079040869612893,0
-1.3895821769136698,-4.181421006440884,-2.94806998489011,-0.3050039491122811,-2.4339494258353973,-1.3460723752684594,-1.5886866732155522,0.42843689248232497,3.240615668274246,-3.263181259016101,0
-3.257798276934834,2.103796471304487,2.174354539529659,-1.5503820973578457,2.2247347750299076,-2.490629567201972,1.8191201975534579,-0.540593493783161,-0.33666623731205614,0.521474016056316,0
-0.8271252253246751,-5.068121025558446,0.5757297887845276,2.323844513237515,-0.5787593684092363,-1.3031340405757812,-0.26233603891832835,-1.798483211501205,0.15858689916405272,0.40906525922917436,0
-1.7045881125615485,1.1274021439869124,1.9546009655823018,-0.23914517625747245,2.214392141795887,-0.7873426128452296,1.3533619642019523,-1.149493341981243,-0.8613633099252953,0.7709815561166552,0
-0.9725381419650116,-5.250553109271222,-0.8396656460188873,1.450964213889549,-1.1155794992502306,-1.0309971090178944,-0.9312306232117292,-1.5017229612297047,1.2976985240216783,-0.9849929361239156,0
-1.8774933422610538,-2.126439922250785,-0.2114615525304309,0.24690109984697606,-0.7965730866329077,-1.3858443703303571,0.7167379321841474,-1.7997429145773234,-0.6784048750432773,0.8309689767293187,0
0.8365080823961654,2.3416652101232067,0.9674423005612585,-1.3624639051097542,0.2970530151550109,-0.4569404859946009,-0.1357881286347593,0.7005225011154195,-0.6801933839394787,1.5639886075892087,0
-0.5096915315333028,0.2476230074353906,1.128868814493777,0.05650987026406762,0.9108431363130732,-0.3138963012304462,0.6374430104224006,-1.0788162749885952,-1.0259590231755078,1.2218655098717237,0
2.917303318019153,0.5653789455683422,-0.7179973947114752,-1.9686951732743307,-1.2500558344923463,0.47916266192630164,-2.3455433017447493,0.32851711904952907,0.01961968073458883,1.6491266186122173,0
-1.1863253011870316,0.21500821468887005,-0.535031710113105,-1.6487905156811262,-1.6906345578012738,-2.1876445947237686,0.1555891757762179,0.21572755150433554,-0.15214953970564604,1.038125030392278,0
2.1159129545906077,-1.0261716096421858,1.165642645207486,0.7399993053824321,-0.27823326233431633,0.29591754779045387,-0.7819846897124907,-1.0705185257373369,-1.594854712935034,2.884457249700016,0
-0.9931680956199285,-2.4708046593836523,-0.1990762627709258,0.8729560516391384,-0.13018196474329224,-1.3427486118796255,-0.7332662416503721,1.3977768079647364,2.7786551822034005,-2.8126309828439773,0
-4.26232816045498,-6.27181484807503,-0.13438158408375264,2.6029558717374837,-0.11562155494916626,-2.580094615990956,0.8701108403713222,-1.6661042671634902,2.0094292888506913,-2.7344806586517336,0
2.8935044415947235,-1.677294362566703,1.600363246591485,1.0059787557738344,-0.9698476360478632,-0.6723625319479305,-1.5487787232854475,0.2442991358253892,-0.8345295070172404,2.9670795477929923,0
-4.140990282929283,-2.7823519123650122,-1.12735771900434,-0.7584179244216531,-0.45579357166001944,-2.9839325818990483,0.2506726396086736,-0.08846527029197537,2.836549866859582,-3.1465218039919356,0
-0.39165331805065706,-0.3702144416063762,0.8787037965286107,-0.7321076622549143,-0.42847027642962954,-1.7224453159505995,-0.043159502837784025,-0.5886788175297697,-0.6828641789499437,1.9083756297694303,0
-2.046700846781266,-4.894043671256159,1.6563652378068487,2.5165331251994165,0.5913455842985855,-2.2255927595471716,0.32847675333936066,-1.506426272027343,0.7085590178556649,-0.26063759897066807,0
-1.9805790159596586,-0.8159021416230624,1.5212949332558676,-0.5853426653201503,0.696160471611172,-2.168373464677127,0.7856964704429191,-1.8744714729069356,-0.9445531110822392,1.8362669542261076,0
-0.8230921320166398,-3.3403119696178356,2.2741682627335416,1.5517173586182045,0.5764166762009033,-2.4000300420186935,-0.19778611772785382,-0.7519585435753942,0.35540544906583593,0.9479316340749715,0
-0.36241734507910095,-4.248136375811839,-2.9728178959961635,-1.0715506838078306,-2.3014816274133194,-1.0255078357524214,-2.6358168442097605,0.09152035804552261,3.4024430685356757,-2.7750816529492206,0
-3.071222915790175,-2.9673928097312494,1.5630029607630274,1.0578536667115177,1.10272786995418,-3.0896885222058788,0.46662777630203744,0.1211135872235507,2.104127842784289,-1.8392446793677735,0
-0.5939755426712541,-0.07828391633454308,1.370033579329405,-0.14114782737060683,0.6336735775635216,-1.0933748300513464,0.41776696157081417,-0.8469987786179931,-0.807040979529312,1.4855464807204184,0
-3.5200988845939154,2.248001574870187,-1.533604180416843,-3.214173843078234,-0.3792399676672735,-1.1961727723439648,1.6996615451291606,-1.692599662442104,-0.9456365407534345,0.3046711155813705,0
-2.14628048062263,-0.43323991936090284,1.9370628794658171,-0.13341809462946974,1.369440347354156,-1.974395697215618,1.105136512359443,-1.453286846460263,-0.7012163394861664,1.2223152643432238,0
3.8992315604498207,-2.131439931707259,-1.7101839776212628,0.25283009797173017,-2.177802793158667,1.6623420500912647,-2.9575107271805066,0.48870203349912167,0.7191491525385957,0.34762760049972097,0
-4.632988869492404,-2.417571934476188,-2.9041087819311473,-3.0938949553731048,-1.3834126232110209,-3.8187836658343897,-1.047253197481818,1.2341248654741532,5.169614263501028,-5.193782826354392,0
-1.6498068172140428,5.4468290303581375,-0.11819187952499605,-0.9775278933724303,1.7146619355047457,1.1797383551747098,2.4737800575132667,1.644564092268241,-0.38944986703425544,-1.8021181633421879,1
-2.8617734981812277,-5.073829409003681,-0.49169298549374174,1.502660896564194,-0.7005200081580596,-2.1005774858794455,0.15812399849864778,-1.421600971434702,1.5143393885691852,-1.64821742312028,0
-3.2678038916389993,1.7382529069153083,0.5407396705765657,-1.0447822268092573,2.138912221775962,-0.20316655307034004,2.2519515010371807,-2.2370904842293866,-1.183067563891389,-0.009878563634017068,0
0.8058933693996329,-0.9540425314782242,0.9950874828838023,1.2780930159141022,0.30538992301583257,0.33367859145587064,0.04041506221501301,-0.7536332406539238,-0.9626773612654894,1.2632384540367947,0
-4.580574385023265,-8.972470080664822,-1.800155375036811,3.7142222488610908,-1.0109736398460583,-1.7978399801588618,0.4590303864663978,-2.4090028793216223,2.8667866079117488,-4.364091765534438,0
-2.087019791421767,2.0487518605098938,-0.7660769066846532,-2.399738831733842,-0.24289312107098704,-0.9495496968786271,1.0841435456877024,-0.8148815779952538,-0.748068072235577,0.553707719021399,0
-2.7917233860186204,-5.041039277665434,0.7368502226573973,1.094008018124358,-0.8188297861651304,-2.8732316968703406,0.6579280445963525,-3.4317280262582766,-0.936108337760962,1.9066968863987368,0
-1.3280107554041305,3.3512867021785464,-0.7817898788566451,-2.4703840362618847,0.12959608632195996,-0.06158906535228337,1.0547309980646329,-0.12264782839090327,-0.7568851946240315,0.2523029049582788,0
1.3385913725302252,-2.9529740759079934,0.07626588742098982,0.8914407576343112,-1.032942980872738,-0.15582897291605236,-1.2475283192823376,-1.1704184963337276,-0.3574170161908809,1.4745556765241874,0
-1.2711029489147936,-0.287630931369462,1.484976298949915,-0.8276693416260892,0.40559762498498686,-2.0935332610969484,0.4344634611309435,-1.207242891118345,-0.8466582996869852,1.9928013785628345,0
-0.913485618413597,-6.123827186020403,-1.6251047342569327,1.6962146584292237,-1.5033832569819816,-0.2988843339766356,-0.9923270277485071,-2.5423281904338166,0.9031866374897669,-0.8983737898403558,0
-2.587436329785634,-2.639866798451678,2.012303149746876,1.2485087655694964,1.890221732438816,-1.2643778636338077,1.3804389387106277,-3.514486612518619,-1.3097707626490431,1.3831152037125705,0
-2.7022984776400385,4.6735123936381315,1.1760926680330825,-2.560622026305328,2.9121205668351156,-0.3009436111263937,2.1200885635618207,-0.8207699019978455,-0.9687672197963887,0.10949344604342948,0
-3.5618130249310576,-4.294612389904872,1.5354403315906688,1.9571062783671418,0.7656251398783982,-2.492139830247852,1.5030863399249663,-2.844534607597299,-0.4162530867614774,0.4497282167259006,0
-4.046646126607324,-4.534835822307052,-0.2674321542152539,1.1162098678449297,-0.26634566802818227,-2.9126359777180157,0.6407066505992649,-0.9149873362845178,2.1176254916420736,-2.460763053698077,0
0.9129897337252253,-4.677831068354863,0.14066150477509576,1.3558890928242784,-3.2134225530520464,-2.577204484780995,-1.343222480000275,-0.11698066265438489,-0.09685718104183634,2.265163895591279,0
-3.484708497478808,-6.371546316525836,-2.3430183897653625,1.1603188849125923,-1.342640706442453,-1.7404370959681599,-0.49583732535828984,-1.4199007287578231,3.0961755133426907,-3.8487007480729876,0
-5.830006450705097,-0.03702507831527011,-0.7504770520448973,-2.4068640678466675,0.4883468762189388,-2.416230398805473,2.5670791622355638,-3.6510055919258093,-1.051197012555701,0.25820594439449995,0
-0.4716652532251985,-1.3591660187190464,-0.7348572733967254,-1.930497577598128,-0.6691470938464814,-1.8379940792547607,-1.805594418050255,0.5972248169903385,2.3974824422559173,-1.1850843824093154,0
-0.6429210555053512,0.7337742331388928,-0.18456423638536965,-1.440202159035975,-0.7647154220640342,-1.1050148780212172,0.21955969755385862,-0.40332879803799804,-0.6877605580023203,1.30287781025343,0
2.1971630957616046,-4.004822208402506,-1.59290235447136,2.1164208557014885,-1.890145840287294,2.0639083203293045,-1.2447869905380051,-2.0825565636387964,-0.9850271450284861,1.0063079355403826,0
1.2152996471479711,-2.645438015482872,-0.34512139745089454,1.0132785891573095,-0.7545893299039216,-0.02547387007737356,-1.5493283854191517,0.4986490011696767,1.3900264572675831,-0.8210472125190933,0
-1.3699062586342219,-5.047249588983814,-2.0044944847423265,0.28214386016868553,-1.4130655839120265,-1.4787287452750646,-1.8477723243230146,0.1083625411782545,3.63736349449742,-3.451887179314422,0
-4.697072310463737,-7.003272361432156,-0.2739883387966447,1.0472570502630019,-0.20427307162291342,-4.06463811672349,-0.3860756497332489,-1.3220753868931245,3.686333800871531,-3.411225548440508,0
-1.0814408325246385,0.006433402917574886,-0.02456623188763787,-0.3130452986014932,-0.15303326131859407,-0.600412600701977,0.6839708518884873,-0.7631310608649444,-0.6099137580120355,0.5481557236607724,0
-3.1275353925202904,-4.062596951797259,-0.10754341455066588,1.3063042433553984,-0.07456881840150975,-2.230660608589395,0.40265612365621295,-0.652186668857149,1.9350379458186941,-2.2667955013310186,0
0.43585364871640375,-6.786945554949677,-3.434288862423921,0.5741136438058673,-2.914404865117558,-0.010543259486360257,-2.992615016195961,-1.3031781393340387,2.7982424462083633,-2.312094411499567,0
-3.037455985830287,4.236832077374333,0.6314504447790235,-2.5040007190341806,2.0199127642645562,-0.8589517658720591,2.126222904718115,-0.22358548791400423,-0.5372991880290107,-0.33682406798821884,0
0.5725179409579215,6.51374180952336,0.38143625133821546,-3.634207007337585,1.1632258338262789,0.5261185213741957,0.5026641801532409,1.318078188340646,-1.0107415519779093,1.1606740777772322,0
-3.0837774936124864,-7.076093884115709,0.14875759055944424,3.1864860817155587,-0.5162843150176928,-1.9945774501543545,0.610961908728378,-2.852181896210836,0.6292118923136218,-0.854338030580222,0
-1.9207120136093447,0.4325685490486329,1.2579507180747607,-1.4338299108262127,0.7046856548092373,-2.0987418099580273,0.7501136643925712,-1.3148398032064048,-0.7721939164490945,1.6214755718694045,0
-0.033716687300729895,-3.2132461877422145,2.1239508244187033,2.968888645311186,-1.321356038152315,-2.2718988694707427,0.7745468713894625,-0.3112110857376169,-1.5591734344115973,2.7776865556433563,1
-6.001231929577752,-1.9336965530540342,-0.9794322959752347,-1.0258017906675687,0.2581831203232089,-2.0690055623999086,2.685862404468721,-4.401656442476128,-1.1199350811526514,-0.04729494816121904,0
-0.09121419655737222,-5.2634444658496715,-0.4186220345715759,3.130392012073804,-0.9206871332536295,0.01044953430983786,-0.5200250415821456,-1.0402560208154565,0.7880796211347044,-1.0204006342346517,0
-7.226891624943037,-1.4168162091249386,1.6489903490238198,0.14766894842767742,3.283735508709938,-2.5453572922774486,3.7730142728966327,-4.330064652534654,-0.7890979434892271,-0.7873261292404952,0
0.5021706992208728,2.635450241067599,1.2164813091484963,-0.631603025800417,1.3422802640859852,0.43312486069442446,0.48542826855281584,0.3700069139770332,-0.8274004260635177,0.8792932756734556,0
-4.192232626137156,-7.777378798160969,1.3656572607252786,3.794569402554277,0.5094825381869381,-3.4656542080941732,0.6928772175744164,-1.683869135860401,2.256160976304775,-2.368361050588085,0
1.1005314500270877,-2.269181748760724,-0.45341045601909025,0.3123856736445463,-0.8843089962818296,0.06588102561443532,-1.333870441588318,-0.6779559066544971,0.3016065509916898,0.47325929534285605,0
-0.13787464618814366,-6.2941477247816975,-0.057133565053621355,2.924601659125649,-2.4848088869277314,-1.6460430864776687,-0.5022838122652598,-1.6901018526867064,-0.42072952237958283,1.4410788187882333,0
0.8588083030250159,-0.6415340697462611,-1.8815955293069742,-0.958273632379007,-3.7281888467065514,-1.3179831470528338,-0.9238367829869436,1.356664091969845,0.08913782726456498,0.9816522514398207,0
-1.0754040726740528,-6.566289862996668,-1.3711026939120048,2.3820681587949935,-1.461282432596771,-0.627916373528053,-0.927944645796798,-1.7986238020396146,1.5109074835399465,-1.6268907358004534,0
1.1518961345845664,5.865713667345082,0.32601921651670807,-3.4548938320661557,0.030283684502911523,-0.4827974699573975,-0.19416678464498638,2.8611935023089194,-0.09168603002435134,0.9097177643070034,0
0.21896040353201277,-4.7368426709166185,-0.2282723466812887,1.281878841120221,-1.4410136411546817,-0.6881686716283556,-0.904547191655624,-2.6115727593729083,-0.7091858812057229,1.769731026739271,0
-2.122108797727148,-0.5982519416988494,0.42285361753105905,2.0020889846147467,-0.36602320167086577,-1.31805841914094,1.8967009488209965,1.2880864147674196,0.2998041167776128,-1.3431566840809723,1
3.138945193200145,2.3908609823802798,2.2730773368976727,-0.12555850103912092,1.031118651817151,0.6108607592970192,-0.8349750795429174,1.1863453347848103,-1.0950831435796302,2.453348685836727,0
-2.16112741114945,-1.8363000637820526,1.9356668264754164,1.800788424996798,1.9564740546802923,-0.7130403342579609,1.5597370815473204,-2.250793000457726,-0.9152999215874098,0.4710925100367921,0
-0.8563309762570827,-2.7758878277288557,-0.28332350422398445,1.0920188306466208,-0.20085842398461518,-0.36374896896995623,-0.11962878466547133,-1.0577389436575708,0.5325919995126938,-0.6830193840093757,0
1.7342952338881987,-5.313124503302834,-1.466671439386877,1.9534683050730242,-1.807791002711139,0.9483388184287906,-2.0287286197556478,-1.5239285883857963,0.630136343320627,-0.13466724921749773,0
-3.552582480637997,3.384903316709183,1.731221568537999,-0.6937188453497602,4.19088435302481,0.5766502068778312,3.0815734647690065,-2.16505746865798,-1.410279356765333,-0.490178281513044,0
-1.096703117976831,-1.8455688466763212,0.8969863028182954,1.6950794998727416,-0.2355995567876643,-1.6157661837272896,0.5473975686378997,0.8230410433563354,0.7278689609401627,-0.6738782559733085,1
-1.3778080582502865,-9.497938767831835,-1.9214291983204705,2.8358372824056888,-1.566235537030822,-1.3093627756140018,-2.3508131715404774,-1.375128061908323,4.061715385637112,-3.940775566929774,0
-0.5824636776544833,6.034533211479309,1.2944090172193523,-3.3248341484662274,2.5358505706703043,0.3746936986830922,1.188324601282947,-0.18188655184495306,-1.4972805911724845,1.4250438066933038,0
-3.1388507218765334,4.129609887248835,0.24361196566348475,-2.534666613904789,2.068508643312976,-0.3091650250934709,2.2543871475583153,-0.9619856430921898,-0.9035584023452704,-0.26162269468019317,0
-3.281843198590523,-0.15971816886548737,-0.06204701398075397,-1.1059670778900805,0.41490079692727144,-1.4628006653636263,1.576718931108609,-2.244961418372026,-0.8617275188830168,0.50860122556066,0
-3.068252899461853,4.133773960069452,2.573231749707799,-2.6970582144220376,3.188315688439475,-2.0988781081568852,1.9110007004607317,-0.48660326598391945,-0.6351831478812179,0.8424152338374346,0
-3.1130188555329465,-0.8910868096872357,-0.41889051362025265,-0.18889224470268817,0.3959698964280566,-0.6430369152507114,1.6933112995479942,-2.5872225487476945,-0.9561793813479202,0.06643850760708803,0
2.60356247589124,-0.40470934759115884,1.3286377555200577,0.3109562807478592,-0.7539132527476946,-0.48915425111633726,-1.2829816332178323,0.600706587170452,-0.7523237215245889,2.5688563958035266,0
-1.0761617703856576,2.580471304776952,-0.2672768360686716,-0.2526619634627323,-2.003203290054342,-1.3051804581051802,2.117965911365022,1.4977643598320525,-1.776576178288491,1.4598515055999115,1
-2.2027476468336755,8.27235231025597,1.7194256466190525,-3.2261237244898733,4.514824844364545,0.9152465766178752,2.662237493908409,0.6544250238552622,-0.8875739295848236,-0.7428060098530986,0
-1.661551714299865,5.708516891166105,0.6708029263354025,-3.2850954369245797,2.664865184597663,0.6145820856071913,1.7277041370281285,-0.9166555006508351,-1.4809885233472555,0.7102913673021091,0
-0.756815708214263,-5.6153250799613845,0.056785913120850275,1.9998615101596908,-0.910257602816962,-1.376431985198885,-0.7969188210841405,-1.765950515751585,0.7415244944416303,-0.03674459594474133,0
-3.7586949211189893,1.7107035093524696,1.195800024621905,-1.5639954562537355,2.312503292055006,-1.3481438488816235,2.1948564339682246,-2.1822645681229513,-1.0028836559297325,0.41464246338303545,0
-4.396919884832454,-4.677301855529439,-0.1534489948107402,1.0882370960394039,-1.074738457449282,-3.257409552602269,1.4669422803821532,-2.492433188732827,0.04384027912805949,-0.08043315700786335,0
-5.617307747418579,0.6771733678085682,2.7046759993520477,0.17513551721428255,5.0923949877511605,-0.6441703515995574,3.7408834303353027,-4.554620973258,-1.7302847458174078,-0.05814348348347198,0
1.1296880662740456,-1.9246103564781036,-2.9230195733154476,-1.8136908991161942,-2.5733061752381565,-0.44168484605536273,-2.8873164970605583,1.4494683937851596,3.0005488165467855,-2.1173742833838256,0
0.9396185719216396,3.4577868256610476,0.8604581370535471,-1.0389885527379903,1.7073898549870128,0.9200720310166847,-0.038220325284116896,1.5446859669100528,0.3339792905650517,-0.5416411308133111,1
0.7002320408690725,3.996767056308156,0.7109357703267807,-1.7824750100682405,1.0208332575549681,0.5111047066291734,0.355016272802103,0.8142455424943915,-0.8534357269008579,0.9879650760884775,0
-4.393407231229652,5.086754835196917,-0.2500384790159087,-2.6507312801816187,3.057646299625829,0.6239834178722454,3.278733564471402,-1.647206375819261,-1.0600431974545124,-1.3809913256123614,0
0.6182404852606163,-0.7208288498338893,-0.2531687281375409,-0.012463590991651508,-1.5768611506181118,-0.805556050103434,-0.41946784058214237,0.3559019645637529,-0.325952122076098,1.1260940083528344,0
-3.6637881426794543,-0.06319520452167567,0.10359579290285391,-1.3505641697828878,0.9024383697351674,-1.3367341788247147,1.818463371323367,-3.121731305118016,-1.3028933669720137,0.8817076129824556,0
-1.7200809787895697,-6.617043487435474,-0.2691111926125039,2.062143502756199,-0.7175744486912974,-1.4520856451560804,-0.5934582128846311,-2.824451997570978,0.8312741495125303,-0.4203878727028826,0
-3.1184994135087605,4.007024190516045,1.1204404242472272,-1.400777269026195,3.5421914553496263,0.6085336064796101,2.703810910132721,-1.5487575844516126,-1.1807140889772787,-0.5612528131237398,0
3.1545682224483174,-5.43649634802397,-0.4952281848593283,2.4257828621265185,-1.7087715734601159,1.1624612749645098,-2.4556854664194594,-1.7236700150433855,-0.21364074503531147,1.457303583470288,0
-4.927599817531791,-5.184984960816306,-0.40146770207692817,0.29421105946289383,0.07932065435112534,-4.1298022313991005,-0.17440198137142515,0.06074167415741538,4.350024331237517,-4.401953491820006,0
-1.5707505000606117,-3.0219297060053747,0.7440699944774487,3.4636662163426974,-1.4794678696354635,-1.3601380271530101,2.079032589142469,-0.771826641155505,-1.714197285545382,1.2656557291310189,1
-0.476735300448121,-4.703807504183135,-1.7606249205575357,0.9403614729708817,-1.7084509729441146,-0.5064369144591143,-1.2936651892736637,-0.9746444453475843,1.5964463235567115,-1.4488479852481582,0
0.7500483201399961,-0.28842081497025984,0.8031029406051913,-0.3456684205377696,0.13134533009851013,-0.49139065896210377,-0.6637513628062714,-0.30084187449275757,-0.24914530888352002,1.241343173815756,0
0.07073488370639662,-2.962910907459615,-2.095302533460465,0.3949931369215204,-1.6337119916885925,-0.14559896103122993,-1.5436464072310563,0.9170887188697727,2.5760959058431077,-2.72084550769026,0
-4.457453544952508,7.1416536371065815,2.3907700169248347,-0.8455543339946086,3.1338015895961338,-1.7722846947571353,4.541761115225016,3.1964205412809124,-0.1355846702115421,-2.034321909359887,1
-2.320858713269094,1.8118029216212062,-0.6849248617734486,-1.6968595153273487,0.6542055735533824,-0.6920080072349675,0.8857740098070966,0.4229361628300564,0.9590540895995756,-1.7907968283306503,1
-2.6200303545598933,-2.935930125341384,0.698473174938056,-0.2995293956206271,-0.007305797377464285,-2.669310070862519,0.3108795083357061,-2.247980057076068,0.005783346735177844,0.8889886623479788,0
-0.13957728502602273,1.3822510573775058,-0.04998971161225637,-0.9775388193700598,-0.44753276696178923,-0.5773233303753811,0.23375167473564995,0.5923029533741331,-0.29574280164788497,0.5627546498295821,1
-0.7800196271970621,0.307184362924326,0.19747695516049701,-1.1575490911651185,-0.9721152681178209,-1.9806295581525557,0.08214536274022233,0.4661767840857627,-0.03922899485618231,0.9638004640286119,0
-1.8271429080696364,1.4269271149649985,0.4535723319854475,-1.924436682937338,0.6821375000984475,-1.066833029830547,0.983758172766823,-1.671281051400296,-1.219383265739883,1.4961062491231656,0
-2.559001632492689,-3.3555715770764785,1.374845693708888,0.47848897206226493,-0.26639247352274564,-3.2378543840400664,0.6166290435932851,-2.0116608182506264,-0.4061043260470555,1.5677955058524407,0
1.8425239907900461,5.127406003880123,-1.2605396830530122,-3.847459545240879,-1.8756968818604478,-0.17316223016617516,-0.7864963383852794,2.6060663273937705,-0.3985474085995481,1.419310923220629,0
-2.9564748562496916,-3.328116167038341,1.4672894586912684,0.6668121282282331,0.40335290110481903,-2.7092689040545666,1.027437205547959,-2.8677735628796017,-0.8075290000613783,1.540944914022584,0
-1.3079099288442309,1.147369032269612,0.67310785257674,-1.0918590115351918,1.0801132503756146,-0.31732324716215954,0.980825440086157,-1.760359829933316,-1.3382136102022162,1.335784584461142,0
-0.7141565532969669,-0.46338562532983724,1.1494511045286508,2.2148322809190697,-0.16725003974539,-0.7993724215811806,1.4586967027630406,0.8981035108950293,-0.5798526188735715,0.13818549819835135,1
-2.5779586163598163,-5.96261034262541,0.1821970939232733,3.399711088845009,-0.17736377799618186,-1.2432919726080356,0.7897616200061919,-2.0946702677347204,0.645188264500374,-1.302560210969913,0
0.38250032312287,-0.6683274347925295,1.650624534323934,-0.04827485228428563,-0.14705779405893993,-1.7559063481648907,-0.3732709795248521,-0.05131745517259867,-0.5080092520069804,2.06817548810053,0
1.072122219399066,0.44128098723285814,0.5888381853479693,-1.3389611377769197,-0.045296867006687336,-0.8134559005621054,-1.2564320835382188,0.524333183745549,0.43721053245976094,0.937921009841105,1
-2.022070060148008,-3.3657306967205236,3.216079690221765,3.2881889436402854,1.3207614862222274,-2.510833260335099,1.4318340830789633,-0.7222097301700157,-0.25137754918142224,0.6296623615150636,1
-2.453576229314679,-5.067545337450721,1.0119499014367386,1.985048842745468,-0.08360488273312328,-2.3785031074247986,0.4683940486872784,-2.2416322651475626,0.20596117413733026,0.2835374785149296,0
-3.71555179638785,-0.882452072481712,-0.5008865277462353,-1.1546085453495891,-0.11427872955983176,-1.7606847882346854,1.608098361134532,-2.6882473139835525,-0.9062849005211937,0.5737642157763769,0
-0.9983965936728181,-5.014120646694436,2.0559746775544845,2.642039567522691,0.4551798073916362,-2.1541988547522206,-0.22043810555349352,-1.3040234865439317,0.540904759479146,0.4648871757443609,0
0.7019595099851617,3.7093270859001537,1.2567630256102287,-2.1140431432780638,0.4091315945489379,-1.0626633675257469,-0.059319185469693725,1.8202663693612164,-0.29118825027055406,1.363817178736899,0
-1.205806882787864,-3.237363481809154,1.9270592301917495,3.278865776224785,0.035394201229658195,-1.889714311079707,1.0083901143872815,0.22565285278508995,0.10217160335173588,0.02866943657674581,1
0.7439027687945265,-4.394944547550749,-1.4298100808489291,1.92308324207296,-1.4324377293144415,1.152689283993284,-0.8690303628003513,-2.191320228287885,-0.30969814169289894,0.1606289748391796,0
-2.0059353402921087,-7.053044600964128,0.3301428890136739,3.10492101723758,-0.5593475980043221,-1.5615354769885386,0.06280679185118632,-3.059864047034736,0.2533394498275706,-0.038015166773360476,0
-0.1064600948782618,-4.6524638438787065,-1.6831830884546766,1.490628529714404,-1.569703608432534,-0.062049777292534136,-1.2627037582832659,-0.6204395711087334,1.6673813331774923,-1.7603877959621967,0
1.2051355311043819,-2.8995884023547314,-0.5070463450838666,-0.4547002394602735,-0.9776770881672218,-0.7650931317137293,-2.3839660216297665,-0.13220977473930162,1.6147363898131497,-0.14331236795589009,0
1.1561049121178977,-1.5580084688896079,1.4484845570109564,1.4259720112116585,-1.5956413121801607,-1.491740570627404,0.035222282782762515,-0.07245767625705257,-1.746690066485056,3.2844442572472734,1
0.9412408194004859,-5.006194222657903,-0.7421548745284992,2.1666020705219413,-1.4397525957502246,0.13632584735769915,-1.4066901610561782,-1.1385328406602344,0.6551998424624038,-0.18314269143139505,0
-4.481570156225373,-9.336871633237024,-2.220420135734652,0.5228837630927313,-1.7110203074631551,-3.3830351797276332,-1.2939775158792859,-3.6445553573546134,3.196104254645306,-2.7256369367482574,0
2.035948174616722,-4.036182052739818,-3.1953744770089356,0.15364685459466643,-2.8973631806331874,1.3190727081878162,-2.635081910421228,-0.9126246457402086,1.1321064336633369,-0.6949323251859088,0
2.525448199359351,5.957206798637492,-1.3437321672016427,-3.3410357637553463,-1.9342407704808058,0.29455806776657134,-0.8437171878347967,4.268410558749923,0.26228304895242044,0.37688199500094244,0
-0.5296998913124396,-2.3807817198332635,2.4812479266456076,2.360780285033461,-0.21061422736946378,-2.381096507639294,0.7383673754459578,0.08336912592351897,-0.7311478236915279,1.7871808718445967,1
-5.810494749177812,-8.655249603268976,-1.597337909416713,2.335341007456718,-0.9938984718123091,-2.9344494730224895,0.8626402183030466,-3.6889446505558787,2.1060547031507517,-3.0790361636651737,0
0.1258097125146004,-4.187393699452027,1.0134755604654595,1.2991186528185574,-1.7483680657968153,-2.4964749565602093,-0.7475674447879872,-0.97920961306101,-0.43863550291475834,2.3461560530695915,0
-0.20142379780196443,4.3349828925064315,-0.9090951956435327,-1.1805127147114498,-2.3146346426029543,-0.4552721205561262,1.9333310469014995,2.0261283747522985,-2.0957417152200817,1.670208948831947,1
2.6961250823021077,6.078297497887616,-1.9027253419774357,-2.4593561923732827,-2.8399549782229063,1.118535570558222,0.05908878592386502,3.7356848721016145,-1.2466968752832996,1.2822037731000038,1
-3.56310884431501,-4.986491748688504,0.7307976305471463,0.7438521058926912,-1.1401991621693277,-3.9540882464829714,0.7813921301452629,-2.673687461884085,-0.2840976340449721,1.4005208183916378,0
-1.1723747448850248,2.6571694208142964,-0.16905964226165932,-2.593519696834705,-0.13817937330153507,-1.0827770379370052,0.6378545198887565,-0.10951022104853603,-0.7077323825114693,1.06885568565541,0
3.8345105724320243,1.2751969239261671,0.9150599553657481,-0.24552910999148447,-0.8804866783563643,0.5049573962298171,-1.628331444493325,1.5410387022710812,-0.7999917167865618,2.5025127891505226,0
-1.9173251603804609,0.7092848981050489,-0.3031223804685504,-1.6206336573630202,-0.9240772654132168,-2.1331337555024117,0.6660752883441825,0.2052111251440587,0.01925816061452552,0.3981881074854121,0
-0.9325131844583933,5.585719113204711,-1.1127249688786711,-0.7536600798199414,1.7847854862484969,2.9877313958343743,2.3192150884914406,1.0601180977345492,-0.6538318559262958,-2.295727897085417,1
0.9714149700707924,-4.388233547256305,-2.0997426481234918,1.4999374698526298,-2.077519720473496,1.0001086668334587,-1.376062065848423,-1.386857425030788,0.45768565064115113,-0.5120864048279006,0
-4.2175352358088105,4.093088978971294,-0.8271246283294,-2.819377368950934,1.5347867456880109,-0.36055263286050354,2.7204017337381856,-1.0442113773024806,-0.6330788014818552,-1.1783229745719654,0
-1.4618524551703642,-1.30783647364057,-0.4553997198030302,-0.6404638061580183,-1.3454710420154816,-1.6806384371810557,0.37534618836686817,-1.2193751725534683,-0.6391524649710103,1.2150443275168863,0
1.7350402875321347,-0.0825680964999156,-0.40636998484815307,-0.22386361325339332,-2.0178908967797407,-0.5224482078262841,-0.9676476582315099,1.311259584400923,-0.14332414504667648,1.2253323600638453,0
-2.7719659625164788,-4.622806285651697,-0.7748311124707834,0.6094970025672957,-0.39158447775848393,-2.4213750369559994,-0.7322246792631868,-0.026168121148440027,3.3457622660573643,-3.3359268982080548,0
-3.5827672080967004,-0.5465564588264127,2.8730665497642502,0.8362965827040394,3.5388496157303515,-1.2278725256407756,2.370127897875369,-3.0787597291402893,-1.2505170972542523,0.6878179825890802,0
-4.797087281310046,-4.135240418123572,-0.13044703270064018,-0.19400872317505202,0.3293759633232014,-4.309451998864587,-0.19857032272457176,0.789442155744706,4.572425247155248,-4.506283428463886,0
0.4632821617223137,-2.4455460845601973,0.41343174156475876,1.1654434223301957,-3.4260064457520985,-2.276561053495159,0.3910976875816826,-0.7680751801968384,-2.546911731156628,4.271351024303072,1
-3.041687831042202,-3.592794695985946,-0.3761397164840652,-0.18975571533226387,-1.8264373232331717,-3.2549394346936777,0.6150010132337318,-2.057742406778585,-0.29787334687251893,1.1475484198716162,0
2.6906401521662664,3.108427709008617,2.621796831520604,-1.2205375023920395,1.0688840135370452,-0.49202003979732123,-0.950994372922976,1.62944072659,-0.7660243004986472,2.694660664657907,0
-0.11289997194177687,-1.6910028028638822,0.786252955816715,1.6468452050344842,0.3099446977668714,-0.15535193681189952,0.2282890702938325,-0.4038115810895174,-0.0977809804952406,0.04812229580772209,0
-3.9832804415174263,-7.11507363977494,-2.4836155090772705,0.6306606396334727,-1.5609784242353422,-2.797699695456724,-1.0874111289850759,-0.8977461845106968,4.335340012910407,-4.659916416041056,0
-0.9446179111590746,-3.1596505721821266,0.6503706244510125,1.8927411439359227,0.41334259462953504,-0.8256992804537082,-0.0534300115312758,-0.4237589094389702,1.0548128536919337,-1.1272018489013949,0
-3.1663006932421194,4.745403660420337,-0.41811805140631453,-2.908838785234273,1.9455432600258702,0.3243966896287991,2.4111834730173074,-1.1634395698228026,-1.1275018745048975,-0.44624699291796954,0
-5.179354653004258,0.42071254430648297,0.4675518609114806,-2.1115041924503037,0.6720869569014705,-3.4663287850399547,2.164122085569238,-1.6583577098738518,-0.14967367448671787,0.05834553286632582,0
-4.90594407425243,0.860810737228639,0.04043747868727516,-3.5713251622761844,-0.07684080391624204,-3.9582312402642343,1.6255958821912588,-1.9850419361115164,-0.46767938953644234,1.1407212506414546,0
-2.315463264478642,-5.210370919005102,-0.09070369166528475,2.0242475940664404,-0.6166548371981939,-1.77834209747653,0.20357765417462126,-1.698040601312313,0.9185102801403782,-0.9440590142632508,0
-0.4514502305910171,-0.09696300910189401,1.7904990654303456,0.2911806344677599,1.1500067958607265,-0.8169161616185707,0.5150689604488146,-0.9357681594376959,-0.8949840965718742,1.4600473635526756,0
-0.7389387833028874,-3.561758241809763,-1.207252630934529,-0.068767266222731,-1.3805648746300738,-0.9694541740854729,-0.9885107948530422,-1.5160461739537259,0.7531737114617534,-0.16911544902241593,0
5.734224578717852,-1.9784715366224017,-1.6896581168904932,-0.5175989302934321,-2.592832790780128,2.90278354004882,-3.497948225827523,-2.0919991795166606,-1.9403214165942637,3.9476023451599147,0
-6.318144269371613,-8.75744881969403,-3.291491079909491,1.4606372954289732,-1.6817366249391883,-3.1497569021283676,0.041319824971187025,-1.9749715137748909,4.57767137797559,-6.013309885030525,0
-3.511588678698498,1.3687323938982239,-0.7339877037910213,-2.580709775375251,-0.027450593232161147,-1.6946742702101152,1.5762857227128058,-1.7252557853914299,-0.7615077926271143,0.4577351227534041,0
0.2311512355825022,4.469472500830892,1.7297976503444095,-1.987875994527831,1.9522812171436732,-0.057561963648846914,0.6389468631927705,0.6820092637638981,-0.9441149668321204,1.315375670367528,0
-2.5909068471305656,-0.47243981571015004,3.054354146396238,0.4657594061863308,3.1484153677201596,-1.4131463999035387,1.659629252927794,-2.715081333903168,-1.2526376173560367,1.4141261686203555,0
-3.2545643417926637,-4.876216322645228,-1.7289911361587658,-0.01936763553194898,-0.9785744117206316,-2.8285253352129955,-1.1324649377066796,0.632834663690957,4.510319539949144,-4.601494000352066,0
-2.507853460938625,5.090144626351641,0.532087342638809,-2.3374537317480972,2.9651552937193664,0.8370158161982448,2.363493797573435,-1.038047981969236,-1.241743034089994,-0.3205619318519224,0
-3.1937250700636013,-2.9855037513522746,-0.1657781825121658,-0.4858723315676978,-0.948087084567335,-2.6012732036825117,0.9049555310978806,-3.028815809484471,-0.8996472503674667,1.49086586676433,0
-4.4496884301589485,-0.3995384630584831,1.7770254483945884,0.3970009053737642,2.694328390142901,-1.5723832865360046,2.6372039839202537,-2.532108627138932,-0.6952825143889177,-0.30960881505002913,0
-0.22699333592317836,-3.406130563959382,1.2625192258386373,1.8075871871373834,0.13035604015462487,-1.2938704402330132,-0.44910883641539556,-0.5686516475860115,0.5524882075247382,0.2133836262134754,0
0.4310379094454185,-4.480460235556398,-0.21346272972475577,1.8058244995820867,-0.8864249831428415,-0.1851439137477916,-1.0213115748075858,-1.567368757392396,0.2620287350350343,0.29459772394599115,0
-2.4814163955754394,4.817578105499024,-0.727893577747132,-1.0875726912343107,1.395198219733687,1.0505617726328969,2.7378413157344794,0.9303583493932039,-0.44490321850306297,-2.023337097270878,1
-0.9057957870900972,2.0090950479476324,0.11530252169963247,-0.24404283640114932,-0.6684093029332352,-1.3238798648539538,1.0029663677326968,2.5802172176057923,0.5553098568967257,-0.8442173995966777,1
0.9223730997221321,2.0945543994037013,0.7227179270295985,-1.898222949699666,-0.7738305418116982,-1.5120727028971916,-0.5755195222340626,1.4319761532860866,-0.2895531560813191,1.8395632456264146,0
-1.342235680559582,-6.889846120487961,-4.221003796972204,0.44388463683769386,-2.642874775913862,-0.5114106456643401,-2.592953442799746,-0.3587072527434918,4.580410794265656,-5.044115830579601,0
0.8220904472043734,-0.5422996662366071,2.3535606836418927,0.5612014424361014,0.6445854165931051,-1.2946810033044347,-0.33219600473814603,-0.024018827533929477,-0.6195830720615757,2.0894774274712153,0
1.9546887269921251,-1.7200946826464039,0.3527191876329698,0.5101448049070851,-1.714646379926783,-0.631535561592049,-1.1674092885365814,-0.13323364400663795,-0.8274796746644243,2.418561804511776,0
-1.0867405887134662,-7.5374867831761865,-1.9502875214588797,2.477810189363406,-2.0767008291532,-0.29928112739322044,-0.9129501896053321,-3.150863697463235,0.6828320728328037,-0.782250871739266,0
0.8704784896544855,-1.9348120423528932,2.9043115597356715,1.7252409902534014,1.2731942309762396,-0.8236476988867392,-0.21747321093606042,-1.2323778952595992,-1.0936255347271926,2.4354473020078653,0
-2.1401030430750003,-0.849151703089196,1.2622175086469796,-0.19275488155439202,0.36939516038306297,-2.674595512674081,0.5945538792220262,0.10370456784068005,0.6397707578315902,-0.009433598108412822,0
5.3115134982038406,2.225251021799285,-1.085987603095924,-2.11873922932532,-1.750147535947498,1.938572244960422,-3.0984538475035723,1.6784492198260872,-0.23728041947167614,2.0208741402273405,0
-2.5031763042184627,1.1493999271798772,-1.299426627830101,-2.1800493061889847,-0.8501130743184817,-1.1243617352940163,1.1648175168309183,-1.1922515555717845,-0.7517351185886127,0.44095795985757225,0
-2.470793566836963,-4.233322889042889,-0.4828638594042256,0.7499179899806931,-0.6739507539501886,-2.684529034164636,-0.6283975889762262,0.5483693597969836,3.136092188723146,-2.928094725192777,0
-1.1940274154325534,-1.8510888648455115,1.7984074847918012,2.3238869760595753,0.2416781893155897,-1.976045572606039,0.8740002825477474,1.1062868919322937,0.6287515731273189,-0.4984845278659318,1
-1.4926162992678706,-5.353184410174596,-1.9485168994684496,2.2955840351323413,-1.4570301829825143,-0.10835536120243783,-0.29464848984067116,-1.1625270882006251,1.5874069662984607,-2.5255800402212807,0
-0.7843769437461592,-3.767652427219208,-0.7489260321935518,0.719584331833804,-0.8673558780227767,-0.7215649758397569,-0.6861804463818127,-1.532368710659345,0.6851717201632106,-0.3836779426316329,0
-0.6340201796250547,6.069242032377705,4.352153523362156,-0.22488971841276206,6.440301741301395,1.5803244249996262,2.257532519285123,0.11576469997973593,-1.1445288750372533,-0.06743730423261107,0
-0.3719593819897575,1.5707504424354721,-0.060989317957289825,-1.474464887143959,0.23117991426184603,-0.6022572230547996,-0.14611714113197127,0.9108423449749676,0.693415186095481,-0.4939046673115174,1
-3.222041872318616,0.1738546544405631,0.32330542544232455,0.8734359424984784,-0.28614521464025966,-1.8103054650911385,2.5230689201700525,0.2532890922837657,-0.4949862869819326,-0.5159153534303365,1
-3.986876268157675,0.03483478641694176,-0.820103214228382,-1.3744839438868848,0.1103821612176652,-1.3511212746267254,1.9591328814683957,-2.376319392259619,-0.813150909421713,-0.04211395325461775,0
-1.9380409825312024,1.9357655582132318,1.1901132724259407,-0.6874637295236057,1.9224489337835813,-0.42123056468850606,1.5854546192201608,-0.8483142193284926,-0.7836597612171442,0.22482838659087423,0
3.6601712548807535,-4.581236391681284,0.29033053296703326,1.9744307733787116,-1.2888024369339108,0.9826207529351279,-2.5716310153398436,-1.6780568155298141,-0.6625751164792032,2.4350758239204637,0
-1.446513255880833,-4.495967286886425,0.5360754255887612,3.0426451829506163,0.10011406129424483,-0.8508485115749309,0.393539484194376,-0.8972143967062259,0.8502614871759699,-1.2928593792206657,0
-0.3152925623540568,0.7083039948826415,2.8005279578018323,-0.42734980256504096,1.8856894715350352,-1.3869709578959828,0.35051282219422897,-0.9334542531386699,-1.0432699563177006,2.2647033845283846,0
0.41009101223785765,-1.6392967999404353,2.3843242485148037,0.9724394118878739,0.7097501075034738,-1.3498557705752536,-0.21749466930030947,-0.9917766987296677,-0.8705908222244634,2.305398966165119,0
-1.722422817227732,6.344044213401317,1.59539939319963,-3.463959471499678,3.484951016336752,0.2186780478481627,1.7855084836195179,-0.5989546797413752,-1.3492984449793237,0.8359134569062671,0
-3.3548337151991245,2.08492080310319,0.8224263795951124,-1.4418760205072478,1.9235095106439357,-1.0459140121179435,2.121799814883496,-1.437244889398053,-0.7896760011452939,0.011308814111510634,0
-2.8128460461854425,-2.05574287707695,0.9722760406821692,-0.28163821502139996,0.3065373614246645,-2.307335714862417,1.0490781804259415,-2.816272843501975,-1.0614422884787293,1.68237435752157,0
-2.83272119009556,-2.1872111247362733,2.6661899933299993,1.343903551003399,2.4977697234902267,-1.4849499077549737,1.687407569194384,-3.3545611806873046,-1.3553113025000456,1.4156343759935612,0
0.540563449512215,3.354064324318178,0.6766487045196415,-1.2988264557793008,1.576471212381258,0.5553436079288894,-0.05686701761224766,1.670923771912955,0.674822033304354,-0.8690869063897031,1
-4.0727483864522025,-4.25649671248656,0.08766307317967308,-0.6837875119605685,-0.03795627758346698,-3.7971377984755326,-0.09169237705768174,-1.778690900780034,2.0041615389523026,-1.2242345310201697,0
-3.9468296244957553,-8.5183271221059,-0.7567582736956624,2.748743512761888,-0.5392398643214691,-2.5366571812763477,-0.23452629560984617,-2.495686449162153,2.749804260811968,-3.09358946047042,0
-3.32277719421276,2.096060886676985,0.8738910029155182,-1.5498368955989967,2.185024875276048,-0.7694729049298114,2.1386736993519664,-2.0249892424612477,-1.1176388004930684,0.3283922992440157,0
-3.398220281020699,-7.297445123913439,-3.121318337537869,2.361417855925459,-1.9376512047152465,-1.2433559332415696,-0.4945112270145433,-0.5490197208475147,3.9045030285581492,-5.368941774313942,0
-0.7905385703777169,-1.2165077217582927,0.13826979132298664,1.3099646685935498,-2.5304920958731887,-2.272772082855031,1.020362160419611,1.190768094282033,-0.7055593048874099,1.1901365708503362,1
1.0932856997531144,1.0598051799132608,0.025692169965355952,-1.4251009839888342,0.380885703559099,0.23506549805760069,-1.1343359332955298,0.4265637726360064,0.5602859220392773,0.11453954406995814,1
0.6932738176843795,4.91698948254705,2.0624082225651734,-1.5144680130104073,2.928421228897431,1.0759702039367682,0.7853845290336818,0.30384814722661035,-1.2752790295084109,1.1964996307296702,0
-1.0859129941982322,-4.637416407706733,-1.1336886975694782,2.3708003110819003,-1.1549260934751104,0.27452653652485504,0.32668677939634927,-2.4495474689588934,-0.39484991803997993,-0.2886783254111426,0
-3.1735934359589533,4.18006495295225,-2.2022087730588082,-0.7546168051784476,0.17470137778861017,1.4577291752800199,3.308299754553615,0.44136543177259147,-0.81279425535522,-2.434881431686481,1
1.4251638742396087,-8.714363819565524,-2.457978440073208,3.5587705529659246,-2.4220707444297096,1.4834965070962483,-2.3797886921612417,-2.845632920358528,1.0953351270878102,-1.0882869890879903,0
2.8728898301506463,3.71829910993914,0.6044626525557971,-1.7572521530640492,-1.3535400132593587,-0.40296013024818034,-0.8313715957387442,2.6830206107747294,-0.9192688733510669,2.518391605119011,1
1.251146776770698,-1.5174887891562618,-1.6548160266158458,-0.43818193836383235,-1.8677082380623822,0.47804949717473844,-1.343473797526963,-0.4973057052324804,0.0867000708828428,0.45270789028603464,0
1.9317543943210858,1.6978557241992367,-0.726247798669255,-1.7680502887147824,1.0544688256077095,2.045795800373839,-1.6332811461782488,0.01915136328771838,0.7424992277673264,-0.6594917811455554,1
-1.0123635324960683,-0.4958915792094097,0.4116855197199015,-0.7142624849505766,-0.753178910380712,-1.9260720545746495,0.22954436754835106,-0.38838158473674433,-0.3949493710659299,1.293669843481567,0
-1.3269663808639098,3.005725254609758,0.304551529935456,-2.517025054742419,0.5676019361469313,-0.9204046445139421,0.8897116481584746,-0.36600896784396664,-0.8987791978867431,1.1342268144069239,0
-2.382916872204706,-3.6877923453731287,0.3443843998268393,1.1543150986436612,-0.09001315663119891,-2.3010118494954552,0.09333373057534367,-0.39754389837566784,1.6848280715445465,-1.5273495340675496,0
-1.6544960139212117,-7.399904596289441,-0.49554125354981315,3.012425099236502,-0.880015319292301,-1.3899541349239293,-0.7749322229781986,-1.7744258726191071,1.9074333345291838,-1.8699538013362864,0
-0.25067354941887077,-6.606561227592497,-3.1105297426452774,1.6314646232857748,-2.681969944698894,0.13800102219974053,-1.8603441707300727,-1.32272796207832,2.1907385173342004,-2.416047093877836,0
-1.5609794435958066,0.7006025194413056,-0.8202261506146178,-1.4976807692988152,-0.9576354162679603,-1.1383777549513918,0.688101090171886,-0.488952130171289,-0.4890763654582906,0.543088962566062,0
-5.746715591721038,3.931952973254568,-0.9367845665896749,-3.301585007985595,2.0926556364380877,-0.6238858491713233,3.403718050720254,-2.4418515577614297,-0.9837544474198477,-1.1892074302404922,0
-3.446020727011675,-9.472228949746617,-2.821427933885093,2.5651859959695695,-2.1014160493668204,-1.9555077889421264,-1.1781199517508247,-1.7389023081940587,3.9940261819692178,-4.673436763078151,0
-1.5748277098329886,-0.14871443752619098,2.291612848622833,1.7676772667228906,1.4224959970349502,-1.3040314984303156,1.6887097683256376,0.21206992309679285,-0.4567066686654254,0.17663008206929343,0
0.19913670664577532,-4.66033314274818,-1.1225634565056655,2.0979009610961636,-1.5555595391766008,0.4818133986738766,-0.5227530698069582,-2.2199259166430125,-0.4453823422072697,0.4071106618772129,1
-3.993968141956336,-4.532569173311879,0.2471849672412785,0.43540216246035357,0.29002785380859986,-3.489614805121545,0.028244205635272523,-0.7670510457048062,2.7901522190646584,-2.5490722980196914,0
-3.9398132802198425,-4.730965153850173,-1.776560550675538,-1.352656581718525,-0.792290672044936,-3.783556843637439,-1.5635136650906976,0.6212715076075319,5.285906472056274,-4.8940525302261655,0
-1.9002811006477347,-6.983171404252593,-1.2150231075457332,3.706327308433277,-1.469149490382601,-0.6781012089157199,0.09880490846612178,-1.6267621444780533,1.2902142136453603,-2.1471486950025223,0
-1.2183368196180375,-4.632318476724903,0.6508485994475506,2.469882932843711,-0.2831501670130748,-1.1848918195689442,0.19947846211666942,-1.7205880198503416,0.06871418224480129,0.12644640648393501,0
