종목코드,총자산,총자본회전율,부채비율,매출액증가율,자기자본회전율,당기순이익,최대주주변경,대표이사변경,전환사채,파산신청,거래정지,불성실공시법인,레이블
360,6130.333968,0.846341823,-32.59632139,-0.036029637,-2674.128824,-661.3362497,0,0,0,0,0,0,1
420,719.6827656,0.541508884,-5.124169292,-0.504883067,-223.3274313,-257.4658021,0,0,0,0,2,0,1
790,2062.599327,1.009479262,4.145668296,0.311749348,519.4445435,-994.835473,0,0,0,0,1,0,1
800,18007.307,0.978721586,2.499255305,0.751287197,342.4796703,131.5862308,0,0,2,0,1,0,1
895,2098.95824,0.583371297,1.620365892,0.022886645,152.8646249,49.45522589,0,0,1,0,0,0,1
1190,702.0437751,0.284653997,0.828869123,-0.367221519,52.05949061,-229.4989408,0,0,0,0,1,0,1
1600,584.4027587,0.612716717,-2.000787854,-0.68430069,-61.31994486,-651.4282062,10,0,2,0,5,2,1
1970,3180.598622,1.471262483,-2.130302465,-0.25320709,-166.2971611,-4094.147235,0,0,0,0,4,0,1
2540,296.2782727,0.256121379,7.486160035,12.31943283,217.3487014,-219.0150314,5,0,5,0,1,2,1
3990,159.4461569,0.270022463,-3.011957927,-0.493315481,-54.32738348,-237.2524572,3,0,7,0,2,0,1
4320,2309.792815,1.060003188,-3.947744346,-0.62505291,-312.4618405,-1546.705966,0,0,0,0,6,0,1
4740,304.3850635,1.065554562,2.569233391,-0.259317861,380.3212923,-143.3896881,3,0,5,0,0,0,1
4820,67.14342298,0.661834432,-2.671093129,-0.214979596,-110.5986972,-147.7449634,2,0,5,0,5,4,1
5350,1596.068482,0.596098546,-4.402981559,-0.483481766,-202.8512359,-510.8800556,4,0,0,0,3,4,1
6070,1541.553977,0.561125876,6.015756995,0.073503928,393.6722786,-238.2914117,0,0,2,0,1,0,1
6440,3880.620182,0.665753658,-2.465508607,-0.61734043,-97.56677156,-3607.415878,0,0,0,0,2,0,1
7050,289.3983299,0.411420416,10.45166438,-0.009703643,471.144852,-231.0174679,8,0,4,0,3,4,1
7150,589.6225333,0.812162579,7.391876458,0.502072569,681.5568031,-428.2933552,2,1,3,0,7,0,1
8020,5885.929329,1.231370018,0.820723384,-0.18450929,224.1984186,225.1101898,0,0,0,0,2,0,1
8080,866.3597706,0.671981285,1.735012921,-0.518710166,183.7877497,-175.5774876,0,0,1,0,1,0,1
8320,716.4447146,0.09489734,1.70113841,-0.094000341,25.63308491,-487.1612923,0,0,2,0,1,0,1
8340,567.9449873,1.443823754,-13.17767027,-0.007957852,-1758.24096,-159.0138606,0,1,0,0,4,2,1
8540,181.1183104,0.799548228,7.119764579,0.605465619,649.2143383,-136.7523585,8,0,1,2,5,4,1
9010,203.0719053,0.759506206,10.27464151,-0.456425034,856.3160191,-170.2910822,6,2,0,1,7,5,1
9690,484.4532886,1.003733301,8.509233831,-0.29840271,954.4734666,-252.1957878,0,0,2,0,1,0,1
9720,3307.252741,0.271068914,0.198904783,-0.304443984,32.49858175,-355.6363549,0,0,0,0,2,0,1
10670,515.852173,0.376650254,1.237237356,0.135313482,84.26560178,-31.83342932,4,0,0,1,6,2,1
11050,386.2955926,0.137938924,3.919238234,-0.624808412,67.85544274,-455.0087543,14,0,3,0,3,4,1
12090,7218.546981,0.575877733,3.000341548,0.277865959,230.3707624,-545.6674218,2,0,4,0,1,2,1
12400,180.2619814,0.298139701,1.438402835,-0.115746964,72.69846931,-77.46417161,0,0,1,0,3,2,1
12580,1244.922619,1.319922255,3.609625826,-0.17690416,608.4347713,-290.0330431,6,0,1,0,1,0,1
13200,4043.633491,0.706235613,89.02454154,-0.23447658,6357.853728,-2359.453837,0,0,0,0,3,2,1
13240,359.2816901,0.993560373,-1.587865052,-0.725498699,-58.40794206,-1222.808853,2,0,0,0,4,5,1
13340,733.8509324,0.483064464,1.841591464,-0.207755769,137.2671857,-238.7478243,1,3,0,0,14,2,1
13780,221.9525235,0.268155479,4.565874858,-0.573580509,149.2519838,-64.45054185,5,2,2,1,13,6,1
14350,1579.865085,0.231583447,-6.205669814,-0.255483667,-120.554696,-896.5785069,0,0,0,0,0,0,1
14590,552.4535458,0.478259147,1.538252064,0.020946929,121.3942266,-251.4293806,8,0,2,3,7,2,1
15170,96.03824054,0.538654384,-3.247092879,-0.654384438,-121.0406431,-382.7010271,1,2,5,0,3,6,1
15390,315.831758,0.154350036,0.965149648,0.217596811,30.33209189,-59.64270806,0,0,0,4,14,2,1
16040,164.4334608,1.4158094,-3.028620918,0.108549317,-287.2140565,-353.6203018,1,1,0,0,9,2,1
16160,319.846102,0.451109466,1.306142913,-0.067759792,104.0322898,-133.4188348,2,0,3,0,1,2,1
17010,307.8626282,0.373933143,1.68548561,-0.322146625,100.4192074,-323.2128841,4,3,2,0,6,0,1
17050,460.1853044,0.181136964,5.565534202,-0.017528845,118.9260929,-148.7889865,4,7,3,0,14,6,1
17160,107.0663657,0.797263896,0.945823528,-0.650273746,155.1334846,-372.8791624,0,3,0,0,4,0,1
17170,307.4569986,0.341305828,6.160906468,-0.061042968,244.4059108,-25.03881807,5,0,0,0,2,4,1
18410,312.7939759,0.908394843,0.543288565,-0.136867995,140.1915373,-201.903819,0,0,9,0,1,2,1
18890,70.01079237,0.573289631,0.258174591,0.349560985,72.12984463,-25.94128893,1,1,0,0,14,2,1
19120,156.7974124,0.493351285,1.022513268,0.54130981,99.78095206,-294.2190067,1,0,0,0,4,0,1
19260,471.5816355,0.221820233,0.227451706,1.021016677,27.22736234,-7.61797878,1,2,0,0,4,0,1
19300,5008.785809,0.808979728,1.327918802,0.006538876,188.3239119,-273.5171133,4,0,0,0,1,0,1
20070,374.0877285,0.216696763,0.143860871,1.134314189,24.78709485,232.38454,3,2,5,0,7,0,1
22520,2891.416905,3.483193278,1.984946536,0.260141295,1039.714571,103.2585332,0,0,0,0,1,0,1
24870,153.5078211,1.209332457,4.061035598,-0.117049285,612.0474615,-34.12908858,4,0,3,0,4,2,1
25460,372.2956842,0.233801754,1.737408608,-0.641389437,64.00109345,49.2555304,4,4,6,0,12,6,1
25970,624.981763,0.831574422,0.233570904,-0.524938093,102.5806012,-515.8114391,0,2,0,0,5,0,1
26220,175.8905071,0.193339962,0.083175951,-0.026890917,20.94211976,-59.51403688,0,0,2,0,10,0,1
26230,845.5420225,1.078725443,-2.155098562,-0.159478574,-124.6034208,-1083.8324,0,0,0,0,8,0,1
26870,9925.274435,1.408541829,0.810977101,0.065393915,255.0836998,238.950922,0,0,0,0,1,0,1
30030,971.2105768,0.8755032,-4.638930247,-0.252361955,-318.5895077,-632.0597307,0,0,0,0,8,2,1
31960,496.7757541,0.184958787,4.127659805,-0.213812797,94.840574,-171.7656156,0,3,12,0,8,4,1
31990,6805.520375,0.268902731,-8.908166206,-0.39190579,-212.6527493,-1594.604088,0,0,0,0,4,2,1
32040,1881.969669,0.583934064,17.30087307,-0.494240995,1068.650319,76.76988579,29,1,9,0,15,0,1
32290,2257.752717,1.019615142,1.978849599,0.520532797,303.7280158,64.49823306,0,1,0,0,5,2,1
32380,979.4530943,0.173168204,1.622265081,-0.356451836,45.40929349,-583.4564935,2,2,0,0,4,0,1
32420,509.254366,0.429543491,3.416402932,0.281188082,189.7037134,-223.8870026,2,3,0,0,9,2,1
32570,416.0158298,0.27605984,4.870991499,-0.161549202,162.0744971,-25.35763453,6,5,6,0,23,2,1
33190,209.0422722,0.153887716,4.510524071,-0.431361681,84.80019623,-208.2222068,4,3,4,0,9,3,1
33260,799.4158601,1.26271548,4.714462934,-0.11119228,721.5740804,-167.4747709,2,2,10,0,15,6,1
33720,744.972672,0.004409286,0.967324719,-0.901638632,0.867449678,-98.48403788,1,4,10,0,10,0,1
33850,346.4997837,0.738213815,2.156308587,0.12257826,233.0030604,-119.8754586,2,3,1,0,11,2,1
33880,164.4712462,0.245213954,6.090861909,0.198643366,173.8778289,-266.6138069,3,5,18,0,13,8,1
34660,192.4686784,0.126967929,2.208965144,-0.330417864,40.74356597,-483.6827704,1,2,0,0,7,2,1
35010,475.4398318,0.567558795,0.42399748,-0.445923318,80.82022938,-9.94555741,3,4,2,0,8,4,1
35400,278.6767072,0.123474263,0.48307453,-0.486883985,18.31215351,-320.3520986,0,3,7,0,10,2,1
35450,288.7069347,0.664919104,0.434093134,1.342525966,95.35559215,-35.60551647,0,0,0,0,13,4,1
36210,1616.164793,0.032500035,-5.693278416,-0.989007126,-15.25317119,-652.2692977,0,1,0,2,9,0,1
36220,767.2577195,0.656668781,0.476591545,-0.085305392,96.96315694,-84.06756246,17,3,0,0,6,6,1
36360,261.4883944,0.603090783,5.586359991,-0.443946628,397.2173002,-292.7218958,4,3,6,0,11,9,1
36610,64.74655342,0.490773632,-1.659752945,-0.554722216,-32.37893489,-521.5360638,7,6,3,0,11,0,1
36660,137.1164546,0.344872871,0.217209348,1.253229063,41.97824829,-49.50992548,4,4,4,0,10,4,1
36760,356.8106934,0.108612169,14.64238528,-0.430462121,169.8953393,-487.2826532,2,3,0,0,15,6,1
36790,238.6860702,0.223273143,2.334355289,-0.57632194,74.44719862,-287.9464891,1,2,9,0,10,3,1
37020,222.0996777,0.341026739,0.743043418,-0.511430434,59.44244122,-55.01729714,2,2,0,0,10,6,1
37110,110.949702,0.303733372,2.122036648,0.102612776,94.8266718,-42.94396556,1,1,10,0,5,0,1
37540,331.7562401,0.496439958,0.579103786,0.254084837,78.39302178,-195.854541,0,3,2,0,4,7,1
37550,182.8860437,0.22056666,2.832814136,-0.096277022,84.53910122,-173.422714,0,0,7,0,10,0,1
37630,397.6229339,0.69917675,0.113044643,0.06582339,77.82149364,64.17522986,5,4,0,0,6,8,1
37830,118.5434892,0.756790637,0.477542535,-0.471753755,111.8190356,-379.7791134,0,3,0,0,4,0,1
38320,146.2071314,1.58878194,1.609081048,-0.120674747,414.5260848,-223.7307935,0,1,2,0,5,2,1
38410,1047.533241,0.57317498,0.831427687,0.354332292,104.9728527,68.37401305,0,5,3,0,4,2,1
38690,518.4028426,0.377840351,0.913356959,-0.23139077,72.29434643,-118.4712676,0,11,6,0,10,2,1
38710,644.4523255,0.397672555,34.1763473,7.140540306,1398.866791,-463.6894734,1,2,1,0,7,0,1
38810,216.343217,0.277397386,-1.248279888,-0.45741856,-6.887219171,-841.1027509,2,1,0,0,14,2,1
39350,147.6955479,0.331510352,0.752189576,2.253759398,58.08689838,-190.5233331,2,2,0,0,8,0,1
39850,77.50673659,1.071044126,0.93288286,-0.213851053,207.0202834,-49.43638739,4,6,0,0,6,2,1
39990,228.4529219,0.221766933,-3.355523659,-0.775660205,-52.2377257,-320.1040795,6,4,16,0,16,3,1
40180,101.3646579,0.359776817,0.081358447,-0.127622052,38.90477002,-30.7577666,2,5,0,0,8,0,1
40670,68.04684249,1.049472952,-2.006026071,-0.200389979,-105.579715,-177.4369102,0,1,9,0,7,0,1
40740,701.9464568,0.636911106,1.460239569,-0.217903834,156.6953905,-91.83990628,2,1,6,0,8,2,1
41030,223.0206722,0.735968225,1.034036396,-0.115162753,149.6986157,-388.9680073,2,3,0,0,4,0,1
41060,101.8833151,0.377839221,0.127880486,-0.844120984,42.61574845,6.60469381,0,1,0,0,8,0,1
41320,409.6158088,0.184758581,0.530009006,-0.136245353,28.26822931,-97.76993384,1,3,0,0,9,6,1
41450,547.931614,1.366055825,2.283416285,-0.308450246,448.5329942,-387.2109092,0,1,1,0,8,1,1
41550,550.0824602,0.411751212,1.393993729,0.0089652,98.57298189,-373.4863341,3,5,2,0,7,0,1
41630,333.5696154,0.250731032,0.132361473,-0.123667186,28.39181606,-116.673018,1,1,0,0,2,0,1
41800,242.3093546,1.210172109,0.673077765,-0.146270127,202.4712047,-420.3919822,2,2,0,0,6,4,1
42870,105.7605758,0.415822592,5.580025165,-0.005550701,273.612312,-334.5987814,0,1,0,0,6,0,1
43630,395.9934051,0.218483041,0.942206724,-0.798742001,42.43392314,-251.4856761,1,1,0,0,8,1,1
43680,146.9441254,1.018610645,-4.246844432,-0.301789845,-330.7270301,-320.742856,4,2,4,0,7,4,1
44070,391.4905884,0.835248515,0.419677121,0.260539853,118.5783207,28.04129468,1,0,2,0,3,0,1
44770,174.0971686,0.868984325,-12.10431135,-0.411084092,-964.9472494,-280.1638156,1,0,0,0,10,2,1
45290,285.7965714,0.252774729,0.129385925,0.326516658,28.54802208,-178.2330582,1,5,4,0,8,2,1
45470,514.1132635,0.727724596,0.907666245,0.03220077,138.8255647,-39.22208483,0,2,3,0,11,8,1
45880,170.3628801,0.268498217,-7.658017705,-0.485792521,-178.7665881,-106.0529118,1,4,1,0,8,2,1
46240,394.9299602,0.160609938,2.409513548,-0.630379027,54.76017612,-343.6595046,1,4,2,0,6,7,1
46320,505.3818679,0.250929794,-4.075017048,1.370977002,-77.16133942,-230.4676234,0,3,18,0,10,2,1
46350,276.8565018,0.091878704,0.569724946,-0.708504991,14.42242941,-74.88816206,1,1,4,0,8,0,1
46430,127.89992,0.690836646,0.733890106,-0.824149085,119.7834826,-124.8886783,1,3,1,0,4,0,1
46720,705.7253216,0.84909213,1.548845707,0.153277082,216.4204829,-18.26864158,8,3,3,0,6,4,1
46840,455.3421927,0.437071466,1.938740673,-0.227571355,128.4439693,-116.8476141,1,0,0,0,3,0,1
47440,668.146313,1.201496121,1.980888852,-0.195812207,358.1526393,-276.8914227,0,0,5,6,14,0,1
47710,1125.676055,0.058640789,2.161236948,0.042843091,18.53774301,-374.57244,0,2,2,0,9,2,1
47940,436.9275579,0.066231849,1.631059588,-0.275967383,17.4259941,-343.3464148,1,2,2,0,7,0,1
48140,204.3757259,1.609294639,1.199303712,-0.105130082,353.9327673,-39.07407907,4,3,1,0,6,2,1
48270,135.932016,0.578855555,-1.391480952,0.83544218,-22.66109239,-648.302798,1,1,3,0,8,2,1
48510,198.4376003,0.167533674,77.29982474,-0.383175214,1311.785728,-143.4110413,1,2,2,0,13,4,1
48640,294.3138058,0.804756807,-6.617823906,-0.113581707,-452.0982027,-350.0381273,2,0,1,0,9,3,1
49690,1502.520652,0.064101129,0.181591191,-0.343491007,7.57413293,-112.0043924,0,0,0,0,5,2,1
50050,381.5992842,0.696054443,-3.396238293,5.460935281,-166.7912311,211.2796522,0,0,10,0,6,8,1
50640,444.9560904,0.642308398,2.584578922,-0.219986777,230.2405146,-196.8677843,4,1,1,0,6,2,1
51170,774.73687,0.561323672,4.352179223,-0.070064397,300.4304893,-370.6940336,1,0,0,0,10,4,1
51310,6050.437356,0.756462983,-5.587084704,-0.265863746,-346.9959776,-3473.57232,0,0,0,0,3,0,1
51530,81.52254692,0.156944335,10.63675387,-0.673208983,182.6322592,-505.965391,1,2,2,0,7,0,1
51810,504.0575455,2.192530619,-2.824495168,-0.358518935,-400.026152,-121.1537952,0,0,0,0,5,0,1
52210,334.7782948,0.156521084,0.035036799,-0.585333633,16.20050822,-91.92530321,10,5,4,0,15,4,1
52290,361.864088,0.096244732,1.151959185,-0.762774274,20.71147343,-364.1542088,0,0,9,0,3,0,1
52310,425.5389402,0.194237149,0.40032621,1.265981041,27.19953703,-372.4710536,1,2,3,0,6,0,1
52350,355.2613208,0.270139407,0.137056357,-0.180682764,30.71637304,-89.76128215,1,2,1,1,14,7,1
52510,413.9061118,0.982269511,3.027246851,-0.289567699,395.5841795,-60.97596725,5,2,7,0,9,2,1
52560,56.74305333,0.109249435,-4.021055346,-0.939939133,-33.00485893,-306.5006634,3,4,11,0,15,5,1
52640,635.5366887,0.054988684,0.332307992,-0.183983005,7.326186282,-206.246256,3,5,8,0,11,2,1
52650,78.25146496,0.647104306,5.634148741,-0.488161501,429.2986215,-253.8987541,4,1,0,0,3,1,1
52810,219.0632592,0.14722712,1.242870919,-0.668491157,33.02114255,-172.4690459,5,3,0,0,5,0,1
52880,308.1449494,0.966354122,3.657841701,0.193060896,450.1124526,-193.5193286,1,2,0,0,7,1,1
52970,266.1666868,0.73539782,8.189481755,-0.512532234,675.7924851,-212.9796031,5,4,5,0,14,10,1
53070,147.2515261,0.244440818,-3.024167488,0.562509438,-49.47891571,-520.8192076,3,6,4,0,16,4,1
53170,273.4555062,0.117977886,-26.65677365,2.301955739,-302.6931911,-314.9067816,1,3,22,0,10,4,1
53330,86.05800175,0.941200652,-2.20007265,-0.821726568,-112.9509161,187.04773,1,2,0,0,13,7,1
53440,388.1931369,0.732377468,1.486006866,0.041947713,182.0695415,17.94708986,0,0,0,0,3,0,1
53810,447.2143196,0.244016131,1.495664716,-0.266086849,60.89824492,-51.98138375,2,3,1,0,8,3,1
53870,143.1413485,0.51269646,5.634703633,-0.289330069,340.1589067,-43.79209948,0,0,0,0,6,0,1
53890,506.0840396,0.412825034,2.627431107,-0.147297291,149.7494371,-320.7161598,1,0,5,0,8,3,1
54010,358.0281627,0.118331042,136.7550981,0.304844688,1630.07043,-216.2346136,2,3,4,0,13,15,1
54020,235.896759,0.138090425,1.803024029,-0.557849931,38.70707785,-57.71213029,6,5,5,0,12,2,1
54120,825.7755897,0.217668653,2.617021402,-0.012704017,78.73121756,-293.4852394,0,2,2,0,5,0,1
54150,201.1353228,0.206915935,0.245697735,1.191751737,25.7754711,-3.03918141,4,1,0,3,20,4,1
54170,346.4832758,0.498455751,2.618376967,-0.706137432,180.3600807,-146.2571602,2,1,4,0,3,4,1
55250,174.7579777,0.210409684,0.385535661,0.039899236,29.15301209,-51.15545082,3,3,3,0,5,0,1
56020,522.4975971,0.01988341,19.2775061,-0.875587747,40.31859707,-401.4289025,1,1,14,0,5,2,1
56340,327.3115915,0.328342984,0.889752288,-0.762290933,62.04869053,-234.0174248,0,1,0,0,2,2,1
56710,437.254609,0.466064902,-1.785601581,-0.360066998,-36.61413239,-912.1533005,0,0,0,0,6,0,1
56810,256.5787314,1.281866264,10.0022677,1.871305617,1410.34358,-177.240756,1,4,0,0,6,0,1
56850,211.1714463,0.215917128,-3.228916902,0.394946509,-48.12613363,-563.6255826,3,5,1,0,6,2,1
57100,74.59534974,1.03032445,1.956006391,-0.55599899,304.564566,-160.8441109,2,1,5,0,5,6,1
58370,328.3570395,0.386215978,0.383626783,-0.256805581,53.4378771,-99.28605107,0,1,2,3,9,0,1
58480,1212.730016,1.708686849,3.606946086,-0.200726033,787.1828191,65.5132253,0,0,0,0,3,0,1
58550,106.0531586,0.013373717,-15.12165351,-0.961349276,-18.88589909,-234.5392073,3,5,8,0,20,4,1
58690,410.1051062,0.247427483,4.329940458,0.177154306,131.8773753,-220.3829512,2,2,1,0,9,6,1
58900,381.6781985,0.098393454,0.053355302,0.058351372,10.36432663,-143.593623,2,1,0,0,6,0,1
59720,112.5678574,0.735212,4.962501706,-0.345185794,438.3702804,-206.9724907,4,9,6,0,13,4,1
60550,307.8181933,1.600297714,-1.801253851,-0.396983789,-128.2244707,-750.5365508,3,2,5,0,13,0,1
60750,826.26135,0.099264209,1.206959141,-0.541651074,21.90720543,-126.228866,2,1,4,0,2,0,1
60900,194.903917,0.267667736,0.303202097,6.010555142,34.88251554,-57.47681527,4,3,1,0,9,2,1
60910,37.88013778,0.539502207,1.099492285,-0.634302153,113.2680721,-10.78422391,0,0,0,0,1,0,1
61050,742.8177387,0.93583482,0.730099754,-0.035762662,161.9087592,-98.4092231,2,3,0,0,9,2,1
61140,872.9908499,0.500468489,0.71749526,3.931391681,85.95522577,-312.8912452,0,1,2,0,5,10,1
62730,2024.629675,0.440922392,7.10704359,-0.063204793,357.4577055,-624.6301048,0,2,0,0,8,2,1
63280,446.1837431,0.262889275,6.059025447,-0.682239816,185.5742084,-369.9409091,1,6,9,0,12,2,1
64060,79.3746119,0.207476941,-2.987501252,-0.494654616,-41.23606806,-539.3175137,5,6,1,0,5,0,1
65180,586.0414474,0.231361646,0.869544099,-0.207960647,43.25408004,-42.56031679,0,1,1,0,6,0,1
65410,1333.991008,0.046291192,5.051577932,-0.644436738,28.01347577,-316.4996508,1,0,0,0,7,4,1
65610,175.8805709,1.13714E-09,1.864827119,-0.999999999,3.2577E-07,-342.9052917,1,1,0,0,4,0,1
65910,212.4963029,0.109508321,6.859688457,-0.812052878,86.07012899,-336.0758245,2,0,11,0,7,0,1
66060,1135.571522,1.357560776,-3.42141777,0.041780499,-328.7221789,-699.5605368,0,1,0,0,8,4,1
66200,33.6976611,0.912648885,-1.717820422,61.41613837,-65.5118008,-389.1136019,3,4,2,0,12,2,1
66300,325.0744507,0.188422013,-7.329084442,-0.81487816,-119.253883,-188.7691114,4,3,5,0,16,3,1
66340,295.1735488,0.192295918,2.677710305,-0.171911449,70.72086801,-659.0493286,2,3,1,0,4,6,1
66850,548.5593108,0.746448031,12.53301896,3.295900484,1010.169536,-206.0474938,8,2,0,0,13,0,1
66930,878.64656,0.766368787,0.114045834,0.669180966,85.3769954,296.9127122,1,0,0,0,3,2,1
67950,68.42457521,0.459944453,-4.241215754,-0.858515329,-149.0779206,-189.0198004,7,2,19,0,5,0,1
68770,441.5014727,0.45473287,2.283822918,0.0320381,149.3262219,-327.9134074,3,6,1,0,9,8,1
69470,62.56906167,0.70976737,3.229525619,-0.579486611,300.1979275,-148.1933405,6,0,4,0,10,11,1
70080,616.3081986,0.699532965,3.244531661,0.595702502,296.9189819,-266.5721274,0,3,8,0,4,0,1
71360,322.9688836,0.656216689,1.915007738,-0.396891688,191.2876727,-226.3331943,4,2,20,0,5,2,1
71660,7310.011351,0.271324464,1.560178176,-0.247074259,69.46389711,-1084.388112,0,0,0,0,3,0,1
73130,332.2103155,1.039003976,42.59950447,-0.052363752,4530.005848,-328.1343837,1,0,5,0,4,1,1
73780,94.48447852,0.008460702,1.782736675,-0.998248421,2.354390585,-231.9289672,2,5,4,0,15,0,1
74140,592.3323556,0.178440857,2.434099908,-0.801585889,61.27837319,-166.1958679,1,2,10,0,10,0,1
74150,731.5288782,0.06075397,1.175279748,-0.226318623,13.21568812,-55.01643334,0,2,0,0,3,3,1
77960,485.5814253,0.458376001,4.113603687,0.605803649,234.3953209,-305.6742203,1,0,19,0,4,3,1
78610,232.0983406,1.5911307,-2.173476142,-0.435339953,-186.7153915,-546.1247312,2,6,6,0,10,2,1
78670,707.3490484,0.433003641,0.726702009,-0.060252107,74.76682559,-74.00620261,1,3,2,0,4,0,1
78700,100.2867539,0.21115379,-6.602551427,-0.568898132,-118.2999967,-146.144049,1,5,5,0,8,2,1
78780,732.944639,0.448357652,5.4121454,-0.738277053,287.4934457,-50.9712013,0,1,7,0,7,2,1
79340,601.1080817,0.32510291,1.252311534,0.009793229,73.2233035,-127.4128373,1,6,6,0,7,5,1
79560,702.9559534,0.4049786,18.04077995,-0.505558489,771.1108414,-157.2327799,1,0,4,0,3,0,1
79870,349.2706142,0.479657933,-8.638678687,-0.589134349,-366.3952831,-263.8217411,1,1,2,0,8,0,1
80140,411.9623459,0.687986084,20.43644796,-0.402169616,1474.797788,-800.8275999,4,1,0,0,16,2,1
80570,552.0855479,1.267029818,2.367875433,0.87377812,426.7198596,-385.7467166,3,7,1,0,8,2,1
81090,1049.220084,1.296320236,0.918461746,0.824751031,248.6940782,-110.9074238,2,2,1,0,6,0,1
81500,307.9565515,0.134131981,0.883876025,-0.360679395,25.26880236,-288.188606,0,1,6,0,5,0,1
82390,147.937134,0.108423832,-61.3699142,-0.570355014,-654.5537414,-155.8560915,2,1,1,0,9,4,1
84810,80.51251816,0.574848939,-3.16209788,-0.63664548,-124.2879672,-577.5896038,1,1,0,0,7,3,1
86200,940.977101,0.443660091,1.249774626,-0.126768087,99.81352147,-168.93205,7,2,1,0,5,2,1
88810,177.0352239,0.250369445,0.233034546,0.22840333,30.87141755,-38.47679001,3,5,6,0,11,4,1
88960,94.85597175,3.346160875,3.834955146,-0.664602436,1617.853774,-242.1312229,4,4,0,0,6,10,1
89240,2204.181605,0.084850433,9.037177702,-0.148486242,85.16588696,-837.6673259,1,1,2,0,7,0,1
89480,3563.070631,0.652638088,-8.139073827,0.320242025,-465.9231495,-968.3799684,2,0,0,0,7,2,1
90090,330.5779447,0.558484355,2.19348347,-0.231738397,178.3510556,-38.1916603,0,1,0,0,2,0,1
90120,737.2730694,0.745521945,20.83051914,-0.585954544,1627.51311,-344.9316686,0,1,0,0,5,2,1
91690,2131.483132,1.087884893,5.431878327,-0.020874923,699.7143264,-891.5022846,2,5,0,0,7,6,1
110500,250.8261025,0.840917811,9.668174941,0.024448528,897.1058313,-174.9940394,5,7,2,0,8,4,1
119250,265.4078463,0.253454921,0.150772715,-0.697162887,29.1669008,-66.18995283,3,0,0,0,1,4,1
149130,365.6400255,0.314749869,10.09871576,-0.651023505,349.3319337,-128.0174156,5,0,0,0,2,0,1
155960,613.042553,0.062825317,0.924400676,-0.8804491,12.09010816,-376.814769,13,2,7,0,12,4,1
950030,13612.83017,0.356718121,2.419038717,-0.525150337,121.9633067,-10485.08698,2,1,0,0,4,4,1
1000,321.2207011,0.124431247,1.279782269,0.045329586,28.36761505,4.24392322,0,0,0,0,0,0,0
1840,844.6137964,2.495545774,0.987049459,0.277116412,495.877288,16.37770034,0,0,0,0,0,0,0
2230,1608.602951,0.440343457,0.114928076,0.396899853,49.09512837,113.2474751,0,0,0,0,0,0,0
2290,641.0679148,0.879841252,0.180477884,0.997106443,103.863314,26.50700923,0,0,0,0,0,0,0
2680,1228.856404,1.017973507,1.572874631,-0.023310778,261.9118211,9.03737905,0,0,2,0,0,0,0
2800,788.5469856,0.782869749,0.507353541,0.063100696,118.0061488,35.32402445,0,1,0,0,0,0,0
3100,5412.771667,0.265284164,0.78077141,0.1215006,47.2410455,61.68684797,0,0,0,0,0,0,0
3800,4258.941659,0.483882434,0.08456593,0.011938939,52.48024023,264.2903505,0,0,0,0,2,0,0
4590,1108.257971,0.494165271,0.191070226,-0.047417541,58.8585541,54.83576518,0,0,0,0,2,0,0
5160,8270.269789,0.948413941,0.575327745,0.038987061,149.4062796,227.9981532,4,0,0,0,0,0,0
5670,1276.873977,0.915256025,1.650353955,0.079958342,242.5752424,29.31471432,0,0,0,0,0,0,0
6730,15025.77668,0.038296013,2.107155984,0.029446866,11.89916862,-265.5790207,8,0,0,0,1,0,0
6910,1236.21808,0.614157608,0.466320794,0.054346021,90.05520711,-94.05286742,0,0,1,0,0,0,0
8290,470.0022735,0.938619347,0.555918468,-0.048564883,146.0415175,0.82904558,0,0,6,0,0,0,0
8370,853.5399839,0.834973515,0.129098562,-0.050124758,94.27673946,22.28070772,0,0,0,0,0,0,0
8470,845.40828,0.933862684,0.221061628,-0.08531721,114.030389,46.35252016,0,0,0,0,0,0,0
9730,571.6204049,1.001934969,0.953583143,0.061727439,195.7363266,43.34678832,2,0,17,0,0,1,0
10170,1557.661044,0.896615846,0.615466091,0.199106121,144.8452496,132.0857703,3,1,0,0,0,0,0
10470,2075.304803,0.806820675,1.852957065,0.034027531,230.1824744,40.94040254,0,1,0,0,0,0,0
11080,759.7003312,1.49444021,1.861753144,-0.117501252,427.6718969,-259.3287918,0,0,1,0,0,0,0
11370,3918.90974,1.349081435,0.368106204,0.058335954,184.5686681,774.6723584,0,0,0,0,0,0,0
11560,2577.13994,2.338002733,0.88230835,0.553838702,440.0842065,215.9693698,0,0,0,0,0,0,0
12620,1967.123825,1.18937411,0.905910521,0.13353845,226.684063,71.94315596,0,0,0,0,0,0,0
12860,5761.546302,1.232727283,3.177800581,-0.028623067,515.0088761,-435.6075046,0,1,0,0,0,0,0
13310,5073.009511,0.843536307,2.516446182,-0.154237275,296.6250026,107.0286833,1,0,9,0,1,0,0
13990,2114.450689,0.666180435,0.266381416,-0.062525545,84.36385222,-48.96212333,0,0,0,0,0,0,0
14100,991.195079,1.21786722,1.100757715,-0.112006297,255.8443958,59.85273216,0,1,0,0,0,0,0
14620,5024.794973,0.290054573,0.115721559,-0.282224109,32.362014,-163.1880292,0,0,0,0,0,0,0
15710,1288.906858,1.110159073,0.260184922,0.256356535,139.9005725,107.2420388,0,0,0,0,0,0,0
16100,1929.325073,0.725304471,0.767579531,-0.228189518,128.2033336,-79.18235336,0,0,3,0,0,0,0
17000,1536.69522,1.274336108,1.39039691,0.690467581,304.6169094,137.2442812,10,0,18,0,0,0,0
17510,754.8276922,0.276510267,0.146606454,0.254612099,31.70484565,36.68871226,0,0,0,0,0,0,0
17890,3286.263416,0.646337347,0.298284885,0.12640031,83.9130008,201.3150667,0,0,0,0,0,0,0
18120,1070.304382,0.826481529,0.176130302,0.0190156,97.20499698,154.9894204,0,0,0,0,0,0,0
18290,740.9290791,0.942866102,1.051636255,0.69803606,193.4418278,-130.0737987,15,1,9,0,0,0,0
18620,606.3789096,0.435934421,1.631932371,-0.049772894,114.7349915,-41.9024247,0,0,1,0,0,0,0
18680,869.3232153,0.536650138,0.614157691,0.015949199,86.62379481,8.81443983,0,1,2,0,0,0,0
19540,3641.287215,0.71711523,1.851723761,-0.239257623,204.501454,81.68306705,0,0,0,0,0,0,0
21650,1439.187916,1.068397816,1.90106815,0.250807343,309.9494876,6.25658714,1,1,2,0,0,0,0
22100,6463.013188,1.470819082,0.614802096,0.096549801,237.5081736,419.964848,0,0,0,0,0,2,0
23600,5118.433977,0.632730461,0.707937039,-0.008656002,108.066379,91.55277813,0,1,0,0,0,0,0
23890,4035.367205,1.561013078,0.533632992,0.135339955,239.4021158,425.2587903,0,3,0,0,0,0,0
23910,1844.034479,0.783278854,0.591322957,0.03587585,124.6449623,248.3236201,0,0,0,0,0,0,0
24830,2529.417691,0.284224024,0.358537449,-0.055828092,38.61289804,64.76213815,0,0,0,0,0,0,0
25550,1823.569396,0.913882369,1.163633281,0.086573817,197.7306309,39.26570595,0,0,0,0,0,0,0
25770,2649.09032,1.42160068,0.582523231,0.119409479,224.9716101,249.17701,16,0,0,0,0,0,0
25870,502.1317976,1.632815826,2.150306782,0.018887711,514.3870771,2.37422104,0,0,0,0,0,0,0
25880,1055.111776,0.755259432,0.799876883,-0.013474962,135.9373993,67.52740415,0,0,0,0,0,0,0
25900,12241.11572,0.636205138,0.85331393,0.127550835,117.9087844,622.2073644,0,0,0,0,1,0,0
26180,1784.81654,0.882063824,2.555414058,-0.06173915,313.610212,9.95014213,1,1,0,0,0,0,0
27040,752.9162049,1.21963057,1.005657355,0.030364953,244.6161023,-15.83892928,2,2,0,0,0,0,0
27580,1623.84453,0.786954941,2.397660641,-0.157517757,267.380583,-76.05196276,0,0,0,0,0,0,0
27710,5673.682883,1.477973281,2.344500757,-0.068775761,494.3082755,128.1339744,0,2,1,0,0,0,0
29960,1727.462423,0.354595873,0.375845628,0.111793051,48.7869181,160.5914517,3,0,0,0,0,0,0
31980,2766.920934,0.99529604,0.211884506,0.688769137,120.6183849,394.434208,0,0,0,0,2,0,0
32500,2133.546571,0.954845503,3.158598318,-0.032395538,397.0818901,-86.87400779,0,0,1,0,0,0,0
32620,690.8670496,1.188232979,0.482640132,0.202904544,176.1721901,35.4082648,2,0,0,0,0,0,0
32790,359.9057391,1.491639574,0.596942733,0.02513399,238.2062978,-20.63900261,0,0,8,0,1,0,0
32940,2226.627816,0.302000187,0.577743032,0.037655041,47.64786909,151.6170755,0,2,0,0,0,0,0
32980,551.4040994,0.345941658,0.658173319,-0.316935041,57.3631227,-60.60977049,0,0,18,0,0,2,0
33050,1070.32674,1.099884324,1.335924342,0.054291338,256.9246566,5.09267147,0,0,0,0,0,0,0
33170,2335.265431,1.13748377,0.392937112,0.231590915,158.4443357,16.15859918,0,1,0,0,0,0,0
33230,1447.419607,1.767528963,2.30568191,0.012498601,584.2888519,-37.37487066,0,0,1,0,0,0,0
33290,2730.037888,1.133453801,0.586269629,0.239297523,179.796334,466.582502,0,1,0,0,0,0,0
33320,1139.260289,2.496914626,0.419526696,0.49878085,354.4436969,133.2421537,0,0,0,0,0,0,0
33790,626.7402956,0.214743982,0.585318966,0.028572267,34.04377082,-47.58219456,6,1,4,0,0,0,0
34230,24353.23992,0.27431337,0.882974382,-0.038589763,51.65250478,-398.5252756,0,1,0,0,0,0,0
35200,409.089876,1.192990618,0.178260358,0.076232095,140.5653552,43.4550897,0,0,0,0,0,0,0
35290,171.7393363,0.745434082,0.286815205,-0.194510939,95.92359118,-79.7587504,16,1,10,0,0,2,0
35890,8070.07034,1.280374664,1.99303918,-0.037661007,383.2211533,311.0809181,0,0,2,0,2,0,0
36010,929.7217008,0.904388869,0.054175839,0.043123775,95.33848954,76.63880138,0,1,0,0,0,0,0
36090,858.9431335,0.45603743,0.394104768,0.215882977,63.57639552,44.73890047,0,0,1,0,0,0,0
36170,951.4678148,0.174398561,0.380371787,-0.060672376,24.07348526,-8.5575158,3,0,8,0,2,0,0
36200,1299.955059,1.609935305,0.497653689,0.813287159,241.1125548,222.5652262,0,0,0,0,0,0,0
36930,3152.654014,0.864945602,0.673478706,0.017447062,144.7468047,420.1990776,0,0,0,0,0,0,0
37070,912.3165518,1.32942305,0.338576512,0.189618189,177.9534469,36.72143339,0,0,0,0,0,0,0
37230,538.3507975,1.058274958,0.290462852,-0.035650309,136.5664521,28.45883709,0,0,0,0,0,0,0
37400,6827.53088,2.191372877,2.493165291,-0.043331951,765.4827672,-388.538886,0,2,0,0,0,0,0
37460,4680.855516,2.787182977,0.738523935,0.184333918,484.5584318,436.6564971,0,1,0,0,0,0,0
38070,710.3827966,0.599948967,0.345429921,-0.050567012,80.71892905,22.68469053,0,0,0,0,0,0,0
38500,12653.03707,0.530550461,1.001063229,0.089944653,106.1665019,362.850202,3,4,0,0,0,0,0
38680,1480.973752,1.441064626,1.067502275,0.019389784,297.9404392,17.80673943,0,1,0,0,0,0,0
39030,4384.753392,0.921720091,0.213229974,0.313344253,111.8258441,429.9124466,0,1,0,0,0,0,0
39310,1156.812256,1.368856192,0.380148715,-0.379306359,188.9225114,-12.72895965,0,0,0,0,0,0,0
39610,807.9096528,0.540472096,0.453551685,-0.202295781,78.56041252,16.63532025,0,0,0,0,1,0,0
39740,993.8010375,1.625632051,1.016354377,0.257014363,327.7850301,-13.12951356,0,2,0,0,0,0,0
39840,1756.860456,0.538111025,0.452431845,0.074061223,78.15695889,110.7656839,6,2,1,0,0,2,0
39980,965.0500263,1.051671134,0.32200821,0.011883374,139.0317872,49.75237097,4,2,0,0,0,0,0
40910,2378.516333,1.311101982,0.751978232,0.350521375,229.7022132,248.9203171,0,0,1,0,0,0,0
41510,7975.090239,0.458159712,0.830698792,0.044348658,83.87524308,-47.09252451,0,1,0,0,0,0,0
41590,1202.618655,0.372567977,1.033992589,-0.444957553,75.78005035,-84.03078224,0,1,7,0,0,0,0
41830,1120.247452,0.832438519,0.051715331,0.167884813,87.54883526,193.3078217,0,0,0,0,0,0,0
41910,968.5099059,0.394560143,0.154876347,-0.119443611,45.56681762,15.14425645,0,0,0,0,0,0,0
42110,1205.535132,1.21352146,0.239220361,0.087402367,150.3820501,34.63529329,0,0,0,0,0,0,0
42500,852.5050261,1.742007198,0.552305761,0.151745593,270.4127809,47.06149209,0,0,0,0,0,0,0
42600,1166.334513,1.082189137,0.629579103,0.070968161,176.3512804,12.78696831,0,0,0,0,0,0,0
42940,404.4634706,0.332671389,0.509901515,1.277382885,50.23010342,-79.18302817,10,2,18,0,1,2,0
43090,290.3481849,0.674799338,0.682605873,0.246462325,113.542133,3.4644454,9,1,24,0,0,0,0
43100,647.4311514,0.358501979,0.377014684,-0.021557713,49.36624893,-85.21580111,0,0,3,0,0,0,0
43200,686.1570154,0.420743338,0.13779385,-0.726763917,47.87191824,-279.2082914,0,0,0,0,0,2,0
43220,671.1684776,0.557839878,1.42811328,0.139720165,135.4498415,-132.8405453,1,1,8,0,3,0,0
43590,577.272851,0.99691484,0.810114433,-0.044461091,180.452994,-8.83648039,4,1,8,0,1,2,0
43910,481.9583998,0.274684238,0.578982545,0.308650055,43.37216171,-67.65333319,0,1,0,0,0,0,0
44340,2010.055708,1.29711929,1.061231993,0.223199732,267.3663779,113.1928839,0,0,1,0,0,0,0
45060,1211.662329,1.234616805,0.99130965,0.045295691,245.8504358,63.95066303,0,0,0,0,0,0,0
45340,161.8843064,0.602061027,1.603047964,0.034731543,156.719373,3.27225624,0,0,0,0,0,0,0
45520,656.7213485,1.174134922,1.066053282,0.285750128,242.5825309,47.12747136,0,0,0,0,0,0,0
45970,3311.14667,1.281279217,1.195504424,0.071171749,281.3054188,20.2292979,1,0,4,0,0,0,0
46310,745.3301051,1.368503794,1.107400555,0.693856337,288.3985655,31.63668036,0,0,1,0,0,0,0
46390,440.5883794,0.476667063,0.140344565,-0.540470928,54.35646946,7.08953936,0,0,0,0,0,0,0
46940,1892.098594,0.970566113,2.21044533,-0.113417921,311.5949445,-3.83202674,0,0,1,0,0,0,0
47080,363.8709734,1.079939247,0.69026454,0.278879031,182.5383014,11.0562233,0,0,2,0,0,0,0
47310,2775.141758,2.542808303,0.737624958,0.293659481,441.8447171,91.69404272,0,0,0,0,0,0,0
48410,494.9878089,0.645878389,0.602377184,-0.114433191,103.4940795,12.18194238,0,0,1,0,0,0,0
48430,1314.127921,1.475534429,0.269243527,-0.081851695,187.2812523,35.00864042,0,0,0,0,0,0,0
49120,1075.679915,1.481452472,1.597092835,-0.10305417,384.7469601,-198.721266,0,0,4,0,0,0,0
49180,726.3795078,0.297483959,0.722263784,1.201817993,51.23458486,-96.05280808,3,1,5,0,3,0,0
49430,1391.353588,0.491972671,0.165891137,-0.006599453,57.35865774,95.00732474,0,0,0,0,0,0,0
49520,2442.709932,1.964147069,0.402626488,0.079791928,275.4964704,152.9221548,4,1,0,0,1,0,0
49630,1458.598396,0.908761758,8.322044048,-0.045264196,847.1517134,-362.9972837,0,2,2,0,0,0,0
49830,1690.382294,0.803469005,0.255863857,-0.019029069,100.9047683,27.32414616,0,0,0,0,0,0,0
49960,964.7671867,0.632865028,0.069629447,0.04771979,67.69310698,181.9794738,0,0,0,0,0,0,0
50120,1058.921313,0.337567992,0.454225054,0.042474067,49.08998313,17.37924865,0,0,3,0,1,0,0
50540,802.5471618,1.601634211,1.046408856,-0.145873258,327.7598433,3.29624051,25,4,7,0,0,2,0
51160,269.2876479,3.730869763,2.589205457,0.26225025,1339.085811,-13.97114889,0,2,2,0,0,0,0
51360,2641.85622,1.978602489,0.593309834,0.150211703,315.2526803,129.6309658,0,0,0,0,0,0,0
51380,536.3961044,4.239739976,0.794725472,0.092631663,760.9169329,30.03717231,2,0,1,0,0,0,0
52020,264.5738885,0.319786948,0.383677956,-0.445696957,44.24821501,-164.535311,1,0,1,0,0,0,0
52670,328.8072398,0.851153583,0.081224807,-0.218771299,92.02883686,7.89208871,0,0,0,0,0,0,0
52710,3941.488955,0.800327135,1.055025355,0.065745965,164.4692554,253.3126754,0,0,0,0,0,0,0
52790,1437.365101,0.385423516,0.34198848,-0.234670546,51.72339179,-74.77693996,0,1,0,0,0,0,0
53050,1454.61519,0.745631514,1.32036523,0.041374643,173.0137438,49.43947689,0,0,0,0,0,0,0
53060,1144.925158,1.041830939,4.496884947,-0.049839849,572.6824806,-77.78987019,1,0,0,0,0,0,0
53450,3436.321778,0.963535229,1.65232303,0.059431099,255.5606677,-23.56372497,0,0,0,0,0,0,0
53590,652.260719,0.147635459,1.169580754,1.150242315,32.03070513,-130.9396544,11,3,21,0,0,0,0
53610,1759.748659,0.851270608,0.208519377,0.579524888,102.8777025,253.8993749,0,0,0,0,0,0,0
53620,1882.100599,0.837201915,0.24850441,0.06350744,104.5250283,69.44280886,0,0,0,0,0,0,0
53800,2236.203992,0.671939133,0.216057443,0.0516496,81.71165843,162.7899034,0,0,0,0,0,2,0
54090,1621.701251,1.360600622,0.826713795,-0.140022987,248.5427925,-127.2193251,0,0,0,0,0,0,0
54210,4249.92667,1.386381629,1.770219387,-0.021587664,384.0581268,-14.62094027,0,0,0,0,0,0,0
54450,1231.632022,0.995969057,0.502756615,0.214886975,149.669909,15.41272092,2,0,0,0,1,0,0
54630,389.4778875,0.478005242,0.204391145,-0.264098712,57.57052803,4.83582633,2,0,3,0,0,0,0
54670,1218.157662,1.073884219,1.355257183,0.195724751,252.9273521,-205.8084244,0,1,0,0,0,0,0
54800,7747.395987,0.565634846,0.351296499,-0.007201542,76.43403877,308.6710733,0,0,0,0,0,2,0
54920,872.0181349,0.187940338,0.639303341,0.132177265,30.80912248,13.72274543,0,3,0,0,1,0,0
54930,1494.40818,0.993602774,0.647624485,-0.020782288,163.7084258,15.2991012,2,1,0,0,0,0,0
54950,1724.221667,0.615790029,0.4232899,0.081783864,87.64477285,114.6001632,0,0,0,0,0,0,0
56000,221.2552244,1.386454898,0.122331215,0.02304917,155.6061611,1.81469258,0,0,0,0,0,2,0
56080,1169.649163,0.555333642,0.579976527,0.077521391,87.7414118,-40.65222383,3,0,3,0,0,0,0
56700,1959.787564,0.900959178,1.111141966,-0.180618704,190.2052731,-23.98151042,1,1,0,0,0,0,0
57540,1270.955285,0.949194833,0.703954854,0.730757875,161.7385144,65.42091985,0,0,1,0,0,0,0
57680,452.7738457,0.960513882,2.324006477,0.460594497,319.2754366,-56.1167777,4,1,8,0,0,0,0
58220,685.6994958,0.754600211,1.998932239,0.123929544,226.2994901,-214.3844974,0,1,12,0,3,1,0
58450,329.6778163,1.298174901,0.576839462,-0.420835651,204.7013412,-47.82792888,1,0,0,0,0,0,0
58610,2466.623178,1.199012058,1.551753182,0.942249886,305.9582834,-41.25610855,0,0,0,0,0,0,0
59100,565.1238168,0.433892425,0.703906189,-0.542672772,73.9311988,-83.03058323,0,0,1,0,0,0,0
60280,755.5192668,0.443190312,0.068765413,0.11387393,47.36664775,-168.8451786,0,0,0,0,1,0,0
60380,1249.770991,1.490161874,1.298575631,0.225475319,342.524977,32.66424899,2,1,0,0,0,0,0
60540,1239.406808,0.785133387,0.65049104,0.14896857,129.585562,68.99003125,0,0,0,0,0,0,0
60570,1308.775877,0.53066376,0.15134528,0.327244607,61.09772147,-140.920212,0,1,0,0,2,0,0
61970,2364.594363,0.557487584,1.354764528,-0.028347447,131.2751987,79.7322755,0,0,0,0,0,0,0
63170,1543.387451,0.35096556,1.135037668,0.065186659,74.93246915,30.55687031,0,0,0,0,0,0,0
64090,1007.526451,0.767964861,1.190092776,0.41506429,168.1914295,82.08761913,3,2,5,0,0,0,0
64240,1101.995798,0.371324693,0.154396482,-0.664740222,42.86559199,-171.1154407,5,1,1,0,0,0,0
64290,319.2708047,0.761283376,0.737898427,0.452721786,132.3033181,-2.67286255,0,0,0,0,0,0,0
64520,952.5488997,1.768723248,1.286779393,-0.302565921,404.4679874,-237.6020783,9,0,0,0,1,1,0
64550,639.4510405,0.363870476,0.973888069,0.072067294,71.82395921,-122.3978138,0,0,0,0,0,0,0
65350,3344.757656,1.389550543,1.832243501,0.177787352,393.5545495,123.8022642,0,2,1,0,0,0,0
65420,296.7170066,1.124578965,0.862162918,0.323503488,209.4149246,-6.75458752,0,0,1,0,0,0,0
65500,908.6626533,1.068242269,1.38501452,0.367107352,254.7773322,-24.19994949,0,0,4,0,0,0,0
65510,1408.834472,0.499617835,0.674008471,0.051768455,83.63644888,34.61193659,0,0,0,0,0,0,0
65570,927.7272849,0.409777605,0.08656335,0.060713186,44.52493272,30.22608921,0,1,0,0,0,0,0
65650,262.4366582,0.796780213,0.060354373,0.596596882,84.48693831,-114.5180749,0,0,0,0,0,0,0
65660,602.9840081,0.088846788,0.236421364,0.094208445,10.98520669,7.38763772,1,2,8,0,0,0,0
65690,1188.869183,0.542805609,0.330588151,0.010609858,72.22507113,-25.87245117,0,0,2,0,0,0,0
65710,767.1733974,0.582278606,0.27703754,-0.247579569,74.35916391,61.85310945,0,0,0,0,0,0,0
65950,3215.834587,1.177376102,1.549610973,0.505495671,300.1851029,-64.12944394,0,0,1,0,0,0,0
66110,895.2953071,0.158097134,0.940675993,-0.229687374,30.6815312,-129.587698,0,0,14,0,2,4,0
66670,1668.440877,0.495714833,0.124554818,-0.072571105,55.74585038,47.10639657,0,0,0,0,0,0,0
66700,1454.213471,0.739862962,0.552825958,0.06228627,114.8878413,11.51420669,0,2,2,0,0,0,0
66970,2654.76273,1.518101453,1.153007369,0.613809414,326.8483616,206.3918424,0,1,0,0,0,0,0
67080,1654.74579,0.73848118,0.98201847,-0.14118091,146.3683339,121.1315457,8,0,0,0,0,0,0
67570,4664.322128,1.182732897,1.599297816,-0.031654155,307.4275035,64.21573012,0,1,1,0,0,0,0
67630,990.1808806,1.075008014,0.87440517,1.520344828,201.500058,77.60946124,0,0,3,0,5,2,0
67770,441.6821797,0.516843934,0.061503883,-0.300453954,54.86318432,-24.57379824,0,0,0,0,0,0,0
67900,1882.713469,0.399588521,0.750479192,0.295689573,69.94713917,197.5116168,0,1,0,0,0,0,0
68930,1045.804576,0.859052734,0.409994289,0.075806534,121.1259449,82.60611105,0,0,0,0,0,0,0
68940,298.2138003,0.91181498,0.728202348,0.102760474,157.5800789,-97.36883327,0,0,0,0,2,0,0
69110,1394.329908,0.720672917,0.933531032,0.209714708,139.3443449,15.97591721,1,0,7,0,0,0,0
69410,555.2337245,0.845399402,0.435614494,-0.168631665,121.3667635,-35.32670818,0,0,0,0,0,0,0
69920,970.4154447,0.375971727,0.283125975,-0.535968762,48.24190888,337.0758606,0,1,1,0,0,0,0
70590,524.4240032,0.867697875,0.954099348,-0.28239102,169.5567851,26.8659545,0,2,0,0,4,1,0
71200,902.9187434,0.80598785,0.279318412,0.017853318,103.1115097,14.95848695,0,0,0,0,0,0,0
71670,1668.625225,1.276097031,1.492781569,-0.070486642,318.1031159,-4.6772005,0,0,0,0,0,0,0
71850,2610.986874,0.80256857,1.437065117,-0.075265209,195.5911865,28.90995962,5,0,6,0,0,0,0
72020,816.2382276,0.390407272,0.262033488,-0.159188433,49.27070508,45.79465281,0,0,0,0,1,0,0
72870,3376.419893,0.39120895,0.243427045,-0.120701575,48.64397884,-35.21801903,0,1,0,0,1,0,0
72990,627.6609978,0.44416213,0.467154168,-0.012835632,65.16543206,0.88166651,0,0,0,0,0,0,0
73070,1226.083319,0.671459422,0.619167244,0.007838991,108.7205101,79.08143722,3,2,4,0,2,0,0
73560,2904.100106,0.722190218,0.769729389,0.123371864,127.8081252,275.039276,0,2,0,0,0,0,0
73570,306.1344644,0.394356168,0.295731572,1.533629176,51.09797372,-108.4389949,2,5,27,0,4,0,0
76080,2117.388402,1.189728389,1.228039271,0.903577079,265.0761573,-49.90157422,0,1,1,0,0,0,0
76610,1972.92558,1.736178304,2.554919955,-0.067050338,617.1974899,-130.1350958,0,0,2,0,0,0,0
77280,683.8911828,0.139506105,0.587987768,-0.365041654,22.15339885,8.65220992,0,0,0,0,1,0,0
78070,1610.62414,0.048261054,0.034177409,-0.93558562,4.991049147,966.9423156,0,2,0,0,2,0,0
78160,1816.725088,0.232560803,0.284217042,0.474477068,29.86585466,-14.46211406,0,0,0,0,0,0,0
78350,589.0038221,1.302005199,0.485944569,-0.130275364,193.4707554,-21.74903133,0,1,0,0,0,0,0
78590,275.3006712,1.453649205,0.589934656,0.023372082,231.1207247,25.97855402,4,1,7,0,0,0,0
78860,848.4470419,0.216630973,0.218163577,0.363258833,26.38919612,-43.74619061,0,1,19,0,2,0,0
79000,752.6654177,0.284607543,0.042211642,0.209643903,29.66212945,36.4147933,0,0,0,0,0,0,0
79170,581.8365082,0.927208133,0.122846439,0.13637643,104.111235,12.04407325,0,1,0,0,0,0,0
79370,3379.190353,1.062705992,0.839292734,0.234696912,195.4627411,188.7068423,0,0,0,0,0,0,0
79810,744.6620291,2.42294571,1.636934324,2.964353033,638.9148706,30.77775675,0,1,4,0,0,0,0
79960,2662.187234,1.595367067,0.385921391,-0.035966793,221.1053344,53.9334628,0,2,0,0,0,0,0
80220,931.3531333,1.256633898,0.812186317,1.066678032,227.7254755,39.41154905,0,0,4,0,0,0,0
80580,568.9173064,0.691121624,1.384321949,0.567258013,164.7856459,-10.32326149,0,0,3,0,0,0,0
81580,1398.379741,1.312406182,0.358748544,0.062385308,178.3229989,72.92435049,0,0,0,0,0,0,0
82660,1813.60692,1.016863139,1.958089732,-0.110230081,300.7972411,-296.0535562,11,1,19,0,0,0,0
82850,6133.686947,2.40415326,2.788194229,-0.038399615,910.7399505,-389.2137563,0,1,3,0,0,0,0
82920,1327.7627,0.189937394,0.22923868,-0.760619123,23.34783911,12.34064474,0,0,0,0,5,0,0
83310,1530.927899,1.311264169,0.421857093,0.618148305,186.443026,243.4120403,0,0,3,0,0,0,0
83640,701.8856816,0.627055739,0.454918689,0.218492021,91.23151134,9.51802177,2,1,4,0,3,0,0
83790,1194.651376,0.101913561,0.304390868,-0.161778977,13.29351182,13.9559828,0,0,1,0,1,0,0
83930,1863.160246,0.99872653,0.789004426,-0.068107384,178.6726182,-18.16576765,0,1,0,0,0,0,0
84370,2658.459952,0.489584448,0.149898609,-0.077279285,56.29724756,273.784541,0,0,0,0,0,0,0
84730,2056.879509,0.962237179,0.426848501,0.069617213,137.2966677,22.2048652,0,0,0,0,0,0,0
86040,597.7050189,0.427714484,0.913224151,0.148630247,81.83136801,11.75854472,0,0,0,0,0,0,0
86060,595.4277524,0.932670172,0.564627704,-0.001767717,145.9281589,18.46734655,0,0,0,0,0,0,0
86520,4481.455443,0.734164333,1.430227293,0.929880193,178.4186201,-32.86685606,0,0,0,0,0,0,0
86670,972.5159151,0.654372132,0.689292035,0.547439743,110.542563,30.61278644,0,0,0,0,0,0,0
86890,833.4336556,0.233478571,0.232372732,0.021211171,28.77326241,-54.81132323,0,2,0,0,0,0,0
86900,3891.293248,0.465755674,0.900879942,0.360086139,88.53456196,731.6670523,0,0,0,0,0,0,0
86980,2032.672612,0.505278998,0.463171401,-0.184427362,73.93097787,158.4591288,0,1,0,0,0,2,0
87260,537.9434754,1.013973843,1.040277206,-0.122473316,206.878772,15.17409455,0,0,1,0,0,0,0
87600,998.8688344,0.549254468,0.035435387,-0.252995009,56.8717512,-22.15923798,0,0,0,0,0,0,0
88290,357.1537378,1.145174972,2.789737949,0.096530331,433.9913051,-37.70231094,0,0,0,0,0,0,0
88910,2005.034289,1.151320403,0.169927682,-0.020823525,134.696161,175.0676531,0,1,0,0,0,0,0
89790,424.2569774,0.758811512,1.790873727,0.440687708,211.7747113,-1.8006094,0,1,0,0,0,0,0
90470,1819.424996,3.137367911,0.409754688,2.785628251,442.291912,741.4909762,0,1,0,0,0,0,0
91440,548.362201,0.682634089,1.144338154,-0.131460748,146.3798322,6.76115094,0,0,1,0,0,0,0
91700,5110.921386,1.5483311,0.42443046,-9.5863E-05,220.548998,44.64966022,0,1,0,0,0,0,0
92040,1635.14712,0.450510748,0.410555161,0.068105315,63.54702604,-35.75367952,0,0,0,0,1,0,0
92460,991.7367615,0.356735613,0.349719077,-0.167813835,48.14928623,19.11400545,0,0,0,0,0,0,0
93320,652.7523211,0.724414484,0.111278206,0.069978267,80.50260279,67.27798093,0,1,0,0,0,0,0
93520,848.8029543,1.029270488,0.807520687,0.289986068,186.0427699,90.67458112,0,0,0,0,0,0,0
93920,1969.427192,1.442728065,0.281382539,-0.20537932,184.868655,31.44259718,0,0,0,0,0,0,0
94840,1292.834887,0.2214393,0.054047514,-0.10859216,23.34075439,46.52792368,0,1,0,0,0,0,0
94940,316.7579278,0.679615901,0.31418572,0.132025902,89.31415125,8.51821758,0,0,0,0,1,0,0
94970,991.0794136,1.493575422,1.26431807,0.534672372,338.1929816,78.03079959,0,0,0,0,0,0,0
95610,2424.928866,1.137313289,0.279007189,0.541521253,145.4631873,542.7510021,0,0,0,0,0,0,0
96530,1797.236633,0.487762953,0.281630883,0.189554551,62.51320644,40.50660162,0,0,3,0,0,0,0
96610,936.3826429,0.664099639,0.800342083,-0.031070998,119.5606527,-13.74559386,0,0,1,0,1,2,0
96630,1690.315641,2.163086695,0.943466405,0.092885183,420.3886321,140.8047682,0,0,0,0,0,0,0
96640,1203.917051,0.463831388,0.741354558,-0.329848397,80.76949013,-315.4041605,0,0,4,0,0,0,0
96690,1164.281695,0.314860623,0.678422134,0.079462129,52.84690385,-86.61649443,0,1,0,0,7,0,0
97520,3877.969005,1.723750353,2.956368941,0.620593541,681.9792358,-8.92478503,0,0,5,0,1,0,0
97780,1977.492574,0.850661536,0.442398759,0.206014077,122.6993144,78.44283479,4,0,11,0,3,0,0
98660,703.3125381,1.291594606,1.089378388,-0.096447107,269.8629857,-1.35866876,0,0,0,0,0,0,0
99410,350.6091461,0.550535878,0.151680265,-0.39013346,63.40413058,-36.85002424,0,0,0,0,0,0,0
99440,2044.999808,0.787924123,1.129993693,0.3123345,167.8273413,3.34271489,0,0,0,0,0,0,0
100030,320.19617,0.41672964,0.071848424,-0.005642525,44.66710075,9.76912142,0,0,0,0,0,0,0
100120,1376.411894,0.896974428,0.091680933,0.05249215,97.92098799,196.1614073,0,0,0,0,0,0,0
100660,686.0428504,0.59541511,0.199200535,0.28533675,71.40221191,22.94303129,0,0,0,0,0,0,0
101330,2504.461076,1.280811461,0.210068689,0.123863978,154.9869846,153.9170018,0,1,0,0,2,0,0
104540,1005.778071,0.376314257,0.851580211,0.052115476,69.67760306,-73.78799618,1,2,1,0,0,0,0
105330,688.8448901,1.361528415,0.839829089,0.379737481,250.4979583,-19.19843946,0,0,0,0,0,0,0
105740,995.40146,0.538028359,0.290333588,0.029871407,69.42360629,4.85650911,0,0,0,0,0,0,0
106080,406.6059997,1.067683294,0.857983047,0.344283817,198.3737459,-91.53618126,8,2,7,0,6,4,0
108230,4451.788643,2.55726123,0.359693894,1.899280623,347.709248,1494.661197,0,0,2,0,1,0,0
108320,5442.941253,1.272770089,0.320379814,0.135593782,168.0539932,470.6435413,0,1,0,0,0,0,0
108790,5268.014294,0.916008173,2.121878873,0.034436063,285.9666563,88.27856316,0,2,0,0,0,0,0
109610,3429.955268,1.147254792,2.012554931,0.285468927,345.6168081,4.89776092,0,0,3,0,0,0,0
109820,177.4347674,0.292454665,0.485415256,0.021515235,43.44166204,-17.34513087,0,0,3,0,1,0,0
109960,1417.48553,0.079309749,0.235959057,-0.271114385,9.802360235,44.21267327,2,1,4,0,1,0,0
114570,1697.436893,0.566474261,0.526692824,0.066500597,86.48321888,139.6590893,4,2,9,0,1,0,0
114630,839.3693368,0.461852455,0.136557499,-0.00594773,52.49218712,-5.59846284,3,0,0,0,0,0,0
114810,2484.776378,0.52144737,1.033457029,0.524496742,106.0340821,40.89755582,0,0,2,0,0,0,0
115450,627.1112849,0.273512379,0.424856613,-0.03151602,38.97159216,-52.1510063,22,0,6,0,0,0,0
117670,631.5126411,1.108383596,0.441915206,0.235805768,159.8195161,-103.325316,18,1,17,0,4,4,0
119610,1183.877595,0.68096749,0.156411928,0.093662452,78.74789285,192.7441756,0,0,0,0,0,0,0
119830,491.3764604,0.52602489,0.883822858,0.002619041,99.09377121,15.12672683,3,1,3,0,0,0,0
122640,1169.226172,1.286588374,1.122832034,1.854190379,273.1211016,147.0455981,0,0,1,0,1,0,0
122690,8286.27924,1.494441803,3.23973876,-0.041884263,633.6042837,-177.4988137,0,2,2,0,0,0,0
122870,5835.995279,0.599487687,0.350596985,0.087067344,80.96662628,119.1056935,0,0,0,0,0,0,0
123040,6081.341826,1.157955374,3.371179154,-0.058432626,506.163039,-112.3537936,9,0,3,0,0,0,0
123330,933.8256577,0.692746335,0.720596786,-0.278554975,119.1937119,-74.67254434,0,1,1,0,0,0,0
123840,1615.792849,0.141564106,0.562973244,0.147050101,22.12609106,219.5376873,0,1,8,0,1,2,0
126700,1562.989331,1.080556666,0.604727554,1.17796036,173.3999055,204.4263233,0,0,0,0,0,0,0
130740,940.1748536,0.548756589,0.711054768,-0.051432148,93.89525772,15.11038705,0,0,4,0,0,0,0
131030,945.7054497,0.526676478,0.092624385,0.113779971,57.54595631,128.7897867,0,0,0,0,0,0,0
133750,923.1777568,0.74960112,0.615058888,0.052721235,121.0649951,-32.49491897,0,0,0,0,0,0,0
134580,372.928828,1.261597078,0.355751233,-0.391779856,171.0411794,-105.0514962,2,2,2,0,1,2,0
136480,6222.894752,1.393768611,1.013757162,0.050003867,280.6711523,222.3381907,7,2,0,0,0,2,0
136510,417.0238943,0.600140443,0.284432492,1.002638185,77.08398842,30.20851276,0,0,0,0,0,0,0
136540,1335.94732,0.538851908,0.418454231,-0.021400372,76.43367688,77.20533183,0,0,0,0,0,0,0
138690,1689.524767,0.544193811,6.118130979,-0.24577666,387.3642828,-306.2244633,0,0,13,0,0,0,0
142210,671.2679194,2.641623158,1.063036221,0.194768584,544.9764257,30.16089445,0,0,2,0,0,0,0
143540,1625.03252,1.588161784,3.49043776,0.765753892,713.1541643,-29.83996199,0,0,3,0,0,0,0
147830,591.7185828,0.579609404,0.114536575,-0.025877325,64.59958798,82.66438739,0,0,0,0,0,0,0
149950,1502.135834,0.636618722,0.092429057,0.212581994,69.54607903,144.355362,0,1,0,0,0,0,0
150900,416.0667079,0.703927387,1.910087059,0.365820762,204.848998,5.55315716,0,0,3,0,0,0,0
154040,2018.929127,0.772329795,1.422279411,0.110630271,187.0798561,0.08999184,8,2,5,0,0,2,0
155650,2286.107357,0.673732868,1.908082051,0.254172608,195.9270459,165.1623679,0,0,0,0,1,0,0
156100,932.9411019,0.39782353,1.11563182,0.077382642,84.1648118,-112.8337563,0,1,3,0,0,0,0
173130,260.4870733,2.750319176,1.351653737,0.151183173,646.7798366,20.85008438,0,0,0,0,0,0,0
175140,759.9875824,0.742326686,2.490101999,-0.113874613,259.079585,-73.94955136,2,0,1,0,0,0,0
175250,539.0046595,4.89977E-08,1,-0.999999903,7545.714286,3.35889524,0,0,1,0,0,0,0
177830,1139.455817,0.931464268,1.197676769,0.378666579,204.7057383,7.20336294,4,0,5,0,0,2,0
183490,368.045455,0.710053885,0.498405765,0.196828759,106.3948834,-56.66427603,0,0,0,0,0,0,0
187220,1225.555876,0.406507009,0.639147841,0.233408118,66.63250854,40.91811481,0,0,1,0,0,0,0
187420,701.5089986,0.164017455,0.053928221,0.636980755,17.2862624,13.42559776,0,0,0,0,1,0,0
189860,435.8306014,1.085618229,0.295184293,-0.057292326,140.6075679,27.91479085,0,1,0,0,1,0,0
189980,702.2652286,0.639344499,0.223242697,0.085114135,78.20734894,26.19599263,0,0,5,0,0,0,0
195440,288.3429811,0.856539102,1.77900555,-0.124678173,238.0326918,-82.85055521,6,1,6,0,3,0,0
200230,2183.373361,0.191329358,0.518169937,0.399932743,29.0470479,-172.3158471,2,5,11,0,0,0,0
201490,1494.191992,0.182102872,1.280523434,0.59654364,41.52898672,30.57264522,0,0,1,0,0,0,0
204840,150.2140806,0.160692839,1.530799318,-0.479283911,40.66813286,-42.36772563,0,0,6,0,0,0,0
204990,1385.025217,0.185238901,0.11158117,-0.103498185,20.59080742,31.15912057,0,0,0,0,2,0,0
208350,696.3234053,0.626070525,0.425362317,1.194718572,89.23773341,87.58048052,0,0,0,0,0,0,0
208710,639.2341143,1.095375801,0.524311069,0.020484762,166.9693458,34.38424091,5,0,5,0,0,0,0
214430,855.1476996,0.813982498,0.342801832,0.3619051,109.301719,93.58904489,0,0,0,0,1,0,0
214450,1890.336458,0.288148481,0.037782093,0.185333316,29.90353338,125.1668936,0,0,0,0,0,0,0
221840,1308.466717,0.341505287,0.765988135,0.359745596,60.30942853,7.12295936,0,0,0,0,1,0,0
221980,740.9367326,0.688149486,0.10376091,0.068948979,75.95525029,66.43183038,0,0,0,0,0,0,0
222080,1105.87839,0.236211539,1.343756563,-0.656887673,55.36223452,-75.05798436,1,1,1,0,0,0,0
222810,187.8049482,0.793881598,0.892699359,0.009856908,150.2579191,-53.0997109,15,3,5,0,0,2,0
223310,559.2634074,0.271484553,2.679106127,-0.537899235,99.88204814,-276.3543132,9,2,38,0,3,0,0
224110,1073.636004,0.381301605,0.596909421,0.135628827,60.89041246,115.1325747,0,0,2,0,0,0,0
226400,296.5691237,0.287973734,2.993368833,0.286122295,114.9985336,-42.44567116,0,0,6,0,0,0,0
228340,1596.960714,0.554667917,0.087150185,-0.267592059,60.30073289,82.45153516,0,0,0,0,0,0,0
236200,1032.786762,0.455680775,0.062373664,0.11568307,48.41032547,90.8924475,0,1,0,0,0,0,0
238090,927.2626361,0.564502287,0.151641844,-0.258397795,65.01044542,80.72425304,3,2,2,0,0,0,0
238120,243.0706471,0.231871197,0.07362317,0.196236389,24.89422896,-17.54366246,0,0,0,0,0,0,0
239610,577.3697164,0.696212909,0.086594865,0.16745338,75.65013714,49.40097561,0,0,0,0,0,0,0
240810,4096.181207,1.540119788,0.306728627,1.584543348,201.2518616,953.6458083,0,2,0,0,1,0,0
243070,2112.532864,1.348325556,0.660174254,0.685771056,223.8455375,340.8705703,0,1,0,0,1,0,0
900040,32.53995053,0.934589517,0.167006931,-0.999082795,109.0672443,-0.96850515,2,0,0,0,0,0,0
900260,17.09668501,0.675190765,0.406747586,-0.998751486,94.98229785,1.7957852,0,0,0,0,0,0,0
900270,17.02579982,0.704118447,0.277740975,-0.999998951,89.96809909,1.91577888,0,0,0,0,0,0,0
950130,0.871535,0.298962578,0.726311657,-0.99906921,51.61025826,-0.08142363,0,0,0,0,0,0,0
20,3672.251334,0.704967043,0.236678406,0.090161732,87.18175195,470.0901318,0,0,0,0,0,0,0
40,1084.431836,0.384181774,1.398042545,-0.524214343,92.12842392,-315.0134788,0,0,1,0,1,0,0
50,12740.42237,0.283184293,0.822314612,-0.044128979,51.60508754,253.1536053,0,0,0,0,0,0,0
80,35075.95838,0.538805012,1.880960264,-0.000170641,155.2275829,127.359658,0,0,0,0,0,0,0
210,134024.5488,0.92039379,1.353658865,0.251859566,216.6293002,5079.987965,0,0,0,0,0,0,0
220,1214.911525,0.517338695,0.466687305,-0.121919362,75.87740962,42.88526436,0,0,1,0,0,0,0
430,11663.6352,0.881514623,1.087466723,-0.044558164,184.013244,262.3136602,0,0,0,0,0,0,0
480,9992.262217,0.694871529,0.528762946,-0.028223462,106.2293845,226.9169364,0,0,0,0,0,0,0
500,5389.559183,1.552964343,1.071991203,0.116798918,321.7728456,14.54588459,2,0,0,0,0,0,0
520,1354.770889,0.679360737,1.647729023,-0.048784054,179.876314,-12.66565048,2,0,0,0,0,0,0
590,3024.338754,0.399954607,0.122493424,-0.017744455,44.89464165,142.6479519,0,0,0,0,0,0,0
650,678.4244167,0.814326856,0.439206557,-0.054224559,117.1984551,271.0391204,0,0,0,0,0,0,0
680,12734.88634,0.348140249,1.044611845,-0.089704407,71.18116761,206.0089874,0,0,0,0,0,0,0
760,2808.303813,0.233821207,0.519722595,0.190478298,35.5343372,-29.65909782,0,0,0,0,0,0,0
850,3605.829079,0.578067168,0.3000715,0.192600899,75.15286501,87.14914683,0,0,0,0,0,0,0
890,2178.233639,0.457097037,1.187029281,-0.138119844,99.96846049,107.3190539,0,0,1,0,0,0,0
910,3632.998984,0.49859371,0.735466912,0.962224281,86.52928872,18.68853229,0,0,0,0,0,0,0
1020,6676.982145,0.83348474,9.656211383,0.318965543,888.178957,-1029.678417,1,0,1,0,1,0,0
1120,49676.01556,2.582179206,2.133223287,0.071909447,809.0544019,881.8496103,2,0,0,0,0,0,0
1250,13978.54513,2.423277225,2.605794679,0.326415949,873.7840126,224.9562033,0,0,0,0,0,0,0
1260,1664.160667,0.694711604,2.842440679,-0.370305098,266.9388128,17.00256436,0,0,0,0,0,2,0
1440,13356.23183,1.188660249,2.951771797,0.155451192,469.7314047,-487.69981,0,0,0,0,0,0,0
1460,7458.232003,0.262549901,0.867647808,-0.07571977,49.03507477,61.90456821,0,0,0,0,0,0,0
1520,9803.776279,0.492756858,0.151152772,0.098172612,56.72384234,157.8007043,0,0,0,0,0,2,0
1530,9311.200537,0.909790379,0.786628838,0.030045191,162.5457728,-41.01890799,0,0,0,0,0,0,0
1550,934.6837987,0.641367836,1.013663882,0.015053477,129.1499247,10.52115853,0,0,0,0,0,0,0
1570,1960.84032,0.919879507,2.404505818,0.069313587,313.1735135,186.4543786,0,0,0,0,0,0,0
1780,4775.723068,0.966741341,1.301600247,0.077243184,222.5052108,129.3766096,0,0,0,0,0,0,0
2070,1637.12919,1.278954989,0.26544543,0.057056379,161.8447747,15.85746042,0,0,0,0,0,0,0
2100,3358.738976,0.614916442,0.747950448,0.012498192,107.484347,100.7944211,0,0,0,0,0,0,0
2140,1831.240629,0.953039209,1.063181079,0.013029414,196.6292464,50.70273349,0,0,0,0,0,0,0
2170,3107.695221,0.548926011,0.144334556,-0.128611014,62.81550026,249.3014789,2,0,0,0,0,0,0
2220,3198.931685,0.486903301,0.949482139,-0.400133873,94.92092892,93.6583859,0,0,3,0,0,0,0
2270,12217.82829,1.488450404,0.836069566,0.031864672,273.2898487,950.7211107,2,0,0,0,1,0,0
2310,7668.950481,0.950054705,0.664370499,0.150957304,158.1243023,50.0714615,0,0,0,0,0,0,0
2360,1253.121539,1.501169812,0.163600275,-0.138659233,174.6761605,98.79057206,0,0,0,0,0,0,0
2420,430.3886395,0.13080981,0.817597828,0.029945827,23.77596267,0.94891091,2,0,0,0,0,0,0
2450,5997.930523,0.43749722,1.902887613,0.25766248,127.0005261,-55.19952563,0,0,0,0,1,0,0
2460,5759.232373,0.986213454,0.651849169,0.149038923,162.9075875,446.462653,0,0,0,0,0,0,0
2600,1684.719567,0.96233983,0.399371191,0.250088703,134.6670634,112.9826017,2,0,0,0,0,0,0
2690,1501.769565,0.716358536,0.143744034,0.135454775,81.93308022,13.71232839,0,0,0,0,0,0,0
2760,518.2801151,0.645520979,0.199205773,-0.063080953,77.4112484,12.38718533,0,0,0,0,0,0,0
2920,3827.434664,0.657695627,0.311823179,-0.023534025,86.27803685,67.29153203,0,0,0,0,0,0,0
3030,24117.00237,0.949507634,0.900293117,0.273958897,180.4342822,290.9195932,2,0,0,0,1,0,0
3120,3474.6171,0.192950858,0.076311891,-0.006230773,20.7675303,26.28652927,0,0,0,0,0,0,0
3160,2015.521293,0.754969053,0.509636668,0.386786382,113.9728966,194.4518451,0,0,0,0,0,0,0
3200,8958.72907,0.549705084,0.270982941,0.029688366,69.86657845,170.4240648,0,0,0,0,0,0,0
3240,41095.16134,0.709529536,0.294634387,0.091615859,91.8581336,1791.843504,0,0,0,0,0,0,0
3280,8489.585205,0.985239532,6.263226096,0.005628418,715.6017481,-735.0041105,0,0,1,0,0,0,0
3410,35012.0189,0.433319667,0.732354508,-0.263423235,75.06632784,3012.22758,0,0,0,0,0,0,0
3580,749.2548703,0.209357494,0.20657994,-0.140756514,25.26065525,-3.71436009,7,0,23,0,0,0,0
3620,22480.18874,1.554541061,1.900089779,-0.036901627,450.8308641,-658.211985,0,0,0,0,0,0,0
3680,2153.092163,1.499226875,2.835492537,0.006594014,575.027349,25.93300518,0,0,2,0,0,0,0
3850,4025.162826,1.050196154,0.612296664,0.033194126,169.3227755,564.7821906,4,0,0,0,0,0,0
3960,6800.941955,1.45191575,1.253734416,0.035540743,327.2232494,423.2875165,0,0,0,0,0,0,0
4020,333738.2486,0.57428131,0.959072513,0.148246124,112.5058728,7275.401431,0,0,0,0,0,0,0
4060,3242.613082,0.880237438,0.681471269,-0.075144557,148.0093962,-65.22369928,0,0,0,0,0,0,0
4090,2848.294207,1.490328672,0.940933231,0.054062984,289.2628444,98.69813368,2,0,0,0,0,0,0
4100,3770.695205,1.244252339,2.631887725,-0.016471982,451.8984797,-41.67313808,0,0,0,0,0,2,0
4140,5424.756182,0.93301589,3.282811814,-0.119889118,399.5931475,-93.49609004,0,0,0,0,0,0,0
4200,6626.779381,1.000635554,7.47218103,0.062889009,847.7565557,57.22590645,0,0,0,0,1,0,0
4250,3803.694937,1.015637109,0.518096487,0.022265996,154.1835128,117.6736513,0,0,0,0,0,0,0
4270,2034.359527,0.452190869,1.327832751,0.098747778,105.2624715,13.56664757,0,0,0,0,0,0,0
4310,1546.165643,0.843895942,0.576137455,0.087137945,133.0096002,14.58346748,0,0,0,0,0,0,0
4370,24498.98373,0.901368262,0.330672504,-0.003948837,119.9425963,906.8562884,0,0,0,0,0,0,0
4380,3066.148638,1.210334815,0.69129224,0.478071111,204.7029881,282.3533559,0,0,0,0,0,0,0
4410,768.9043444,0.734593083,1.879230198,0.28668205,211.5062588,1.89623853,0,0,1,0,0,0,0
4430,8651.21,0.837863143,1.287911204,0.043966379,191.6956472,347.06,0,0,0,0,0,0,0
4440,3613.012003,0.611504853,0.265480049,-0.22230667,77.38471915,43.99442289,0,0,0,0,0,0,0
4690,37042.59229,0.889542951,1.732125146,0.075685321,243.0342665,51.28383168,0,0,0,0,0,0,0
4710,5035.133186,1.857458919,1.360019719,0.158012276,438.3639676,186.828444,0,0,0,0,0,0,0
4770,403.889286,0.462828937,0.054695618,-0.102751605,48.81436516,10.3540495,0,0,1,0,0,0,0
4830,1054.42576,0.955080935,0.613698847,-0.029885862,154.1213003,5.23130279,0,0,0,0,0,0,0
4890,3967.737383,0.955365195,0.150943689,0.245448709,109.9571542,233.4683473,0,0,0,0,0,0,0
4920,382.5501777,0.567902347,0.735048367,0.173333873,98.53380401,-111.881679,0,0,4,0,0,1,0
4960,19053.86491,1.041418981,4.424058198,0.119650192,564.8717162,724.5782292,0,0,0,0,0,0,0
4970,5499.480612,0.751153966,0.146683846,0.355893495,86.1336119,265.1262246,0,0,0,0,0,0,0
5110,1038.829292,1.078413241,1.535867162,1.220142895,273.4712726,44.24189263,0,0,0,0,0,0,0
5180,6356.226066,1.348999366,0.201905686,0.054464132,162.1370008,296.1503487,0,0,0,0,0,0,0
5190,1901.530624,1.074138519,0.722866744,0.15529859,185.0597532,50.67093126,0,0,0,0,0,0,0
5320,1063.070795,1.802353988,1.493672777,-0.029213011,449.4481074,-89.6773847,2,0,1,0,1,0,0
5360,1678.513296,0.820118799,1.226478825,-0.017931165,182.5977141,28.81751627,0,0,0,0,0,0,0
5380,1781994.54,0.540832628,1.383704672,0.029119951,128.9185262,45464,0,0,0,0,0,0,0
5430,4163.91199,1.165837616,0.318559555,0.027182084,153.7226329,223.7527326,0,0,0,0,0,0,0
5440,27968.84943,0.905996561,0.368767666,0.004846046,124.0098798,1214.77003,0,0,0,0,0,0,0
5450,1527.954155,0.305841569,2.183758286,7.005614702,97.3725631,-42.29615914,0,0,0,0,1,2,0
5490,790249.5908,0.767543575,0.664944903,0.142635373,127.7917763,29734.69161,0,0,0,0,0,0,0
5500,2418.474116,1.014159822,0.250068955,0.024900597,126.7769709,357.9582475,0,0,0,0,0,0,0
5610,7344.197912,2.812438993,1.622704714,0.104353203,737.6197007,381.9840956,0,0,0,0,0,0,0
5710,4237.826616,1.88078515,0.678720853,-0.032210543,315.7313253,339.624352,0,0,0,0,0,0,0
5720,10854.51848,0.289308114,0.183602016,-0.02295625,34.24256674,818.4241115,0,0,0,0,0,0,0
5740,13113.41477,0.764188158,1.660047234,-0.157063816,203.2776596,1753.484486,2,0,0,0,0,0,0
5820,1474.942038,0.502270338,0.302322185,-0.132084244,65.41178044,55.135834,0,0,0,0,0,0,0
5850,15894.61981,0.93457703,0.630039955,-0.082587173,152.33979,962.2831524,0,0,0,0,1,0,0
5870,1577.822156,1.146222852,0.376049144,0.010737343,157.7258975,161.7530879,0,0,0,0,0,0,0
5930,3017520.9,0.793947694,0.406825871,0.186799619,111.6946156,421867.47,0,0,0,0,0,0,0
6040,25603.47466,0.929978163,1.833060978,0.51045995,263.4684843,1678.43642,0,0,0,0,0,0,0
6050,661.0100235,0.950994072,0.256397302,0.22164534,119.4826386,14.31623961,0,0,0,0,0,0,0
6200,4047.996241,0.635795162,0.541839084,0.845849813,98.02938308,49.90580214,0,0,0,0,0,0,0
6400,157514.7633,0.401331329,0.375434598,0.215492532,55.20049947,6431.93863,0,0,0,0,0,0,0
6660,2630.851521,0.348776618,0.263553024,0.083640438,44.06977504,109.8840957,0,0,0,0,0,0,0
6890,1106.608454,0.441798476,0.135487918,-0.047716894,50.16568321,16.39019276,0,0,0,0,0,0,0
7110,777.6084499,0.677757054,0.533030699,0.253326117,103.9022371,1.6904591,0,0,0,0,0,0,0
7120,688.2216388,0.111986237,0.047491346,-0.21584919,11.73046141,-26.96717492,0,0,0,0,0,0,0
7390,544.8843876,0.499468379,0.281186068,0.01595824,63.99119287,5.16791818,0,0,0,0,0,0,0
7540,3115.646943,0.88086527,0.437149941,12.51210885,126.593547,128.1424557,0,0,0,0,0,0,0
7570,4392.560321,0.614245413,1.05388729,0.031328852,126.1590846,57.45410233,0,0,0,0,0,0,0
7610,1581.519365,0.685379644,0.754086583,0.153744992,120.2215237,16.70766374,0,0,0,0,0,0,0
7630,548.3592352,0.540207823,1.570325727,-0.007986305,138.8510067,-29.80645398,5,0,21,0,1,0,0
7700,4000.948447,1.400963258,0.351875436,0.276865956,189.3927815,748.8783598,0,0,0,0,0,0,0
7720,4190.820429,0.561998237,2.060276872,0.083107697,171.9870205,176.2742271,0,1,0,0,0,0,0
7810,5565.031351,1.063064778,0.339773102,0.084904403,142.4265595,296.2968985,0,0,0,0,0,0,0
7980,5312.01348,1.736057132,2.878705423,0.066543046,673.3654214,99.17160801,0,0,0,0,0,0,0
8040,4898.233481,0.806627654,2.022517566,-0.04701797,243.8046252,292.1140875,2,0,0,0,1,0,0
8060,6070.993161,0.843597183,0.167350805,0.043350141,98.47738511,356.0823396,0,0,0,0,1,0,0
8250,4392.831187,0.679897894,1.864667996,0.028679035,194.7681737,344.9123796,0,0,1,0,0,0,0
8420,1577.058528,0.989396286,0.5496092,0.200913699,153.3177588,101.3082389,0,0,0,0,0,0,0
8490,5952.889071,0.587962791,0.978752428,0.02834138,116.3432799,263.934533,0,0,0,0,0,0,0
8770,22499.13439,1.782957482,2.367438953,0.079721165,600.4000476,252.8626276,0,0,0,0,0,0,0
8830,1834.715646,0.618586229,2.041174957,0.222044709,188.1228949,0.7153229,0,1,0,0,0,0,0
8970,1503.906631,0.978374915,1.839094715,0.137906761,277.7699051,-306.0797117,0,0,0,0,0,0,0
9140,598.5141216,0.367881905,0.067676621,-0.171449462,39.27789098,-29.79590123,0,0,0,0,0,0,0
9160,3811.582514,0.605089385,0.582711558,-0.13643905,95.76819638,128.9569894,0,0,0,0,1,0,0
9180,918.7234438,3.866959868,0.946620101,-0.076526876,752.7501808,28.71191147,0,0,0,0,0,0,0
9190,959.1030798,1.802488264,2.689802566,0.182086425,665.0825822,98.76011196,0,0,0,0,0,0,0
9310,7468.779175,0.369989887,10.5125847,0.495064299,425.9539915,146.1499668,0,0,5,0,0,0,0
9420,1686.955469,0.49930634,0.517075127,0.016279044,75.7485229,58.13253664,0,0,0,0,0,0,0
9440,5199.336547,0.661031598,1.095115938,-0.10603493,138.4937838,93.61782757,0,0,0,0,0,0,0
9470,1341.017542,1.543900518,1.622644843,0.037338046,404.9102731,100.9307076,0,0,0,0,0,0,0
9680,4315.467212,0.490170582,0.090561353,0.083107753,53.45610929,126.9696226,0,0,0,0,0,0,0
9770,2064.205282,0.69465861,0.125508874,-0.057038578,78.18444304,104.2918147,0,0,0,0,0,0,0
9810,633.3046035,0.443754599,0.318909718,0.535856283,58.52722523,-77.63485692,0,0,0,0,1,0,0
10100,6325.371098,1.557256927,1.839355907,-0.148216313,442.1606654,-236.0308359,0,0,0,0,0,0,0
10580,534.4769841,1.349059778,1.721815754,-0.066428633,367.1892158,-54.28854397,5,0,2,0,0,2,0
10620,83194.38717,0.294903659,2.556621292,-0.418556096,104.8860634,4451.5672,2,0,0,0,1,0,0
10690,8464.082689,1.26054291,1.399510837,-0.146265417,302.4686373,-309.4115007,0,0,0,0,0,0,0
11090,1714.315945,2.534730073,1.844955566,0.102563403,721.1194428,20.55581366,0,0,0,0,0,0,0
11200,36024.18,1.395733643,3.016431789,0.096668346,560.5868974,-12182.4,0,0,2,0,1,3,0
11210,71936.81978,1.040828851,1.290910026,-0.013447044,238.444525,-630.0362995,0,0,0,0,0,0,0
11300,2933.904507,0.692288077,1.722322678,0.037762075,188.4631531,-87.18305227,0,0,0,0,0,0,0
11500,1652.771799,1.429694399,0.524128342,0.152751237,217.9037753,87.07592552,0,0,0,0,0,0,0
11690,2020.548615,0.554896083,0.600360615,0.144965479,88.80338371,41.08937318,0,0,5,0,0,0,0
11760,12589.29406,3.420331176,2.470003245,0.20995699,1186.856028,251.4305472,0,0,0,0,0,0,0
11790,36673.11814,0.723566621,1.301310614,0.124650025,166.5151544,1363.466248,0,0,0,0,0,0,0
12030,1934.959484,1.031181896,0.387279481,-0.025782191,143.0537485,-7.76258396,0,0,0,0,0,0,0
12170,1239.596371,0.289347745,1.410612611,5.317353171,69.75053224,-390.0049182,0,0,7,0,0,0,0
12200,2539.484873,1.338548969,0.392482203,0.000128148,186.3905617,91.20380859,0,0,0,0,0,0,0
12280,1798.115899,1.003600751,1.561854669,0.153917299,257.107927,46.60691266,0,0,0,0,0,0,0
12340,438.9857119,1.145750514,1.977371941,0.050137372,341.1325432,-35.72013266,0,0,0,0,0,0,0
12510,2734.107879,0.752003519,0.473847085,0.163146286,110.8338194,405.8041577,0,0,0,0,0,0,0
12750,15815.36979,1.228087711,0.30939549,0.061245072,160.805251,1433.261199,0,0,0,0,0,0,0
12800,5633.881035,1.745317333,1.896755291,0.202531727,505.5757218,142.7136531,0,0,0,0,0,0,0
13360,3052.988936,1.378431679,2.625739225,0.472507894,499.7833808,-120.0923993,0,0,0,0,0,0,0
13570,7399.250498,1.111338674,0.710683364,0.136769305,190.1148582,408.769696,0,0,0,0,0,0,0
13580,15829.18161,1.415633855,3.14019163,0.144149588,586.0995437,564.5318875,1,0,0,0,0,0,0
13870,4688.792903,0.995648398,0.967223026,-0.057117889,195.8662455,118.2929221,0,0,0,0,0,0,0
14130,1882.153295,2.804621428,1.985935959,0.128120608,837.4419973,66.88151484,0,0,0,0,0,0,0
14570,667.9403491,0.829453756,0.172376753,0.001707352,97.24323008,46.83288211,0,0,0,0,0,0,0
14580,2635.468977,0.805025519,0.541509032,0.236899318,124.0954108,66.68278255,0,0,0,0,0,0,0
14680,7233.201201,0.721083761,0.850576664,0.132870128,133.4420781,580.7149369,0,0,0,0,0,0,0
14790,22141.01549,0.867442194,4.639138259,0.048465927,489.1626461,466.1095003,0,0,0,0,1,0,0
14820,11806.62752,1.086841561,1.408240384,-0.013503945,261.7375738,846.688567,0,0,0,0,0,0,0
14910,429.91994,1.07157407,0.467200152,0.014535168,157.2213638,-26.64895842,0,0,0,0,0,0,0
15020,881.4200439,0.611282049,1.242517566,2.926533139,137.0810733,-29.82263029,0,0,0,0,0,0,0
15350,9085.390796,1.029383351,0.56397139,0.054520493,160.992611,450.1430636,0,0,0,0,0,0,0
15360,14349.74395,0.777143537,1.057549006,0.060748333,159.9010912,270.7398316,0,0,0,0,0,0,0
15540,173.2249858,3.843692917,1.339038641,-0.042884551,899.0546257,-73.07787718,2,0,9,0,0,0,0
15890,4745.599991,1.187915149,0.801547361,0.267721704,214.0085401,77.5175025,0,0,0,0,0,0,0
16580,2748.380601,0.538329478,0.1306321,0.046522361,60.86525882,271.7231117,0,0,0,0,0,0,0
16800,4367.94588,0.66269339,0.136270406,0.249858598,75.2998888,220.6115774,0,0,0,0,0,2,0
17370,2895.282416,0.842655487,1.444392562,-0.076933748,205.9780804,-7.88403901,0,0,0,0,0,0,0
17650,2387.562861,0.494308265,0.833552016,0.750222953,90.63399153,32.546277,0,0,0,0,0,0,0
17670,334286.69,0.524101423,0.854140964,0.02505275,97.17579182,26575.95,0,0,0,0,0,0,0
17960,3664.414068,0.652375463,0.180841796,-0.072077578,77.03522136,7.44134336,0,0,0,0,0,0,0
18470,3342.764829,0.894963083,0.713082825,0.09413091,153.3145886,-18.32852582,0,0,1,0,0,0,0
18670,43517.47561,1.537240807,1.440083764,0.273076501,375.0996336,1498.991067,0,0,0,0,0,0,0
19440,5273.47713,1.384068087,0.641271301,0.091274677,227.1631229,237.0020349,0,0,0,0,0,0,0
19490,578.8157689,0.649088476,0.771232589,-0.086594006,114.9686661,-113.702533,0,0,2,0,0,0,0
20120,226.9773271,0.629434168,0.376553103,-0.434293143,86.64495574,-22.65141839,0,0,0,0,0,0,0
20150,6502.84,0.69821032,0.2259563,0.138054978,85.59753408,421.9,0,0,0,0,0,0,0
20400,693.861219,1.076718275,1.51302842,0.222816206,270.5823624,8.36992928,0,0,1,0,0,0,0
21050,2123.030725,1.211359595,1.278428551,0.037975126,275.9996286,19.60436811,0,0,0,0,0,0,0
21240,21588.73075,1.16578067,1.197870933,0.059101404,256.2235448,3256.07409,0,0,0,0,0,2,0
21320,9420.808483,1.407970573,1.786110573,0.183528619,392.2761701,224.8332269,0,0,0,0,0,0,0
23000,2456.052641,1.124460604,0.259814541,0.028967727,141.6611821,109.9633067,0,0,0,0,0,0,0
23150,5001.800858,0.103916837,3.681697133,0.062991705,48.65071571,43.08067659,0,0,0,0,0,0,0
23590,122980.511,0.113115805,5.435428459,0.206068709,72.79486723,2431.425903,0,0,0,0,0,0,0
23800,4568.753451,1.183812059,1.26970151,-0.133228518,268.6900017,-9.30762064,0,0,0,0,0,0,0
23810,2784.131853,0.85772352,1.420277261,0.020388701,207.5928732,-20.38661994,0,0,0,0,0,0,0
23960,3741.604002,0.672686201,1.365129558,-0.188913358,159.0990018,-144.3880178,0,0,0,0,1,0,0
25000,5481.142322,1.283814323,0.237797469,0.086991475,158.910212,271.1633314,0,0,0,0,0,0,0
25820,2697.973495,0.849785882,1.443503724,0.160655668,207.6454967,112.4791875,0,0,0,0,0,0,0
25860,5571.665346,2.014422863,0.322203378,0.023598427,266.3476715,267.0374169,0,0,0,0,0,0,0
25890,849.2773416,0.352307054,0.507275039,0.128985529,53.10236277,-47.25308836,2,0,0,0,0,0,0
26890,1899.630506,0.814902035,0.369976206,0.107314773,111.6396398,72.71231075,0,0,0,0,0,0,0
26940,1296.937683,1.126642603,0.152611431,0.042399317,129.8581144,23.18294799,0,0,0,0,0,0,0
28100,2576.347562,1.318627386,0.64901606,0.051209505,217.4437738,171.0468193,0,0,0,0,1,0,0
30720,1047.756446,1.543320977,1.665234471,0.214692475,411.3312267,51.16814127,0,0,0,0,0,0,0
31390,1204.090378,0.162253496,1.500218576,-0.313432308,40.5669205,7.1788948,0,1,1,0,1,0,0
31820,1066.799201,1.346297884,0.828314724,-0.139263199,246.1456244,8.6598622,2,0,0,0,0,0,0
33530,9005.53568,1.150308299,1.364642726,-0.102628178,272.0068151,-75.72689908,0,0,3,0,0,0,0
33640,3081.211929,0.925071391,1.549095262,0.11982279,235.8095101,42.8918731,0,0,1,0,0,0,0
34020,249623.1813,0.58181914,2.801784281,0.045410528,221.1950863,-1096.880108,0,0,0,0,0,0,0
34590,3894.295506,1.380522658,1.27696147,0.04416023,314.3396901,137.2865041,0,0,0,0,0,0,0
34730,1097769.2,0.849872341,1.39915885,0.115751783,203.8978749,50664.82,0,0,0,0,0,0,0
35000,5910.659898,0.848129814,2.766999679,0.228801734,319.4904739,140.8262653,0,0,0,0,0,0,0
35900,1244.280241,0.821694827,0.450879484,0.388301603,119.2180166,163.6925807,0,0,0,0,0,0,0
36480,347.8245878,0.691249989,0.148068621,-0.219404387,79.36024215,15.57554002,0,0,0,0,2,0,0
36570,35265.67161,0.498706431,0.292142892,0.788124072,64.43999696,4440.431119,10,0,0,0,0,0,0
36580,7253.165596,1.410773684,1.262947376,0.079855622,319.2506606,393.6376488,0,0,0,0,0,0,0
36800,4941.974814,0.741478783,1.735753943,0.155710148,202.8503503,365.775692,0,2,0,0,0,2,0
37370,974.1994786,1.683070051,0.883826039,0.117060844,317.0611187,-10.01606253,0,0,0,0,0,0,0
39240,1480.875523,1.937911159,0.826989303,0.080829726,354.0542958,42.54725593,0,1,1,0,2,0,0
41650,3980.21129,0.966059364,1.321585957,0.013061984,224.2789852,241.3664554,0,0,0,0,0,2,0
42660,114467.5272,0.969866153,2.82749883,-0.13397092,371.2161567,6457.583626,0,0,4,0,0,0,0
42700,2850.642441,0.692124837,0.382643929,0.186638544,95.69622036,95.00246912,0,0,0,0,1,0,0
43650,2421.99755,0.259130057,0.093258882,-0.099568196,28.32962362,96.87855298,0,0,0,0,0,0,0
44180,988.2453996,0.226680735,1.423478496,-0.001936927,54.93558865,-167.1026961,4,2,3,0,2,0,0
44450,9047.630032,0.196256866,2.979008202,0.2580479,78.09076807,256.8751242,0,0,0,0,0,0,0
44820,7408.12969,0.40264863,1.15554502,0.117494919,86.79272498,58.49103746,0,0,0,0,0,0,0
45390,1270.848976,0.675084706,0.412898128,-0.13372595,95.38259183,66.83576496,0,0,0,0,0,0,0
46440,4643.078828,0.367418948,1.123466955,0.248072004,78.02019936,126.5460044,0,3,0,0,2,0,0
47050,91699.85984,2.46147091,2.214745969,0.368635114,791.3003687,1668.18739,0,0,0,0,0,0,0
47400,1404.975322,0.782207942,0.54148406,0.024711357,120.5761074,-8.4417869,2,0,0,0,0,0,0
47810,31662.23009,0.654486161,1.776401869,-0.296667909,181.7116601,-2351.858528,2,0,0,0,1,2,0
48550,3007.629396,0.294468829,1.617245783,-0.071585145,77.06973018,-140.1980224,0,2,2,0,0,0,0
48770,945.8082502,1.077354704,2.379092554,0.103526826,364.0481259,40.92461641,1,0,1,0,0,0,0
48910,1043.49222,1.157029575,0.289052143,0.270988257,149.1471453,77.97097354,0,1,0,0,0,0,0
51390,1010.659075,0.261569311,0.444010848,-0.104508615,37.77089227,28.55013356,0,0,0,0,0,0,0
51900,47779.695,1.312369932,0.549972091,0.028946896,203.4136768,6185.495149,0,0,0,0,0,0,0
53290,900.4162343,0.638385456,0.621184787,0.074648599,103.4940789,7.26538345,0,1,1,0,2,0,0
54050,2399.073974,0.4354017,0.373498703,0.013265535,59.80236704,92.2901486,0,1,0,0,0,0,0
57050,18754.26918,0.556209433,0.21430789,0.076019443,67.54095028,1224.644062,2,0,0,0,0,0,0
58430,4267.472776,2.137236289,0.970558671,0.142921381,421.1549503,175.279877,0,0,0,0,0,0,0
58650,52547.71565,0.912393322,0.725149942,0.188404143,157.4015286,2111.208988,0,0,0,0,0,0,0
58730,2258.945714,0.988005213,0.869614346,0.420319729,184.718872,186.486632,0,0,0,0,0,0,0
58820,1127.58555,0.368358639,0.114937465,0.259806134,41.06968465,-1.86914233,0,0,0,0,0,0,0
60250,2213.466399,1.590217717,1.115603369,0.293448273,336.4269959,102.0283725,1,1,0,0,0,0,0
60260,290.5512246,1.411787897,0.876401021,0.142656238,264.9080252,-13.33097112,1,2,0,0,4,0,0
60370,1427.965386,0.516387819,0.313186249,-0.121738601,67.81133834,82.4254846,0,1,0,0,0,0,0
60480,476.0841315,0.6995637,0.158630741,0.20237486,81.05360082,19.08099694,0,1,0,0,0,0,0
63160,1794.83384,0.658484755,0.263558794,0.045779261,83.20342028,80.16298615,0,0,0,0,0,0,0
64350,40839.11875,0.667413562,1.879443761,-0.086815309,192.1779817,-462.59404,0,0,0,0,0,0,0
67290,1274.83926,0.602764207,2.127606942,-0.078454897,188.5209517,-60.83659428,0,1,0,0,0,0,0
69260,8815.79305,0.811912161,0.472206499,0.196467704,119.5302359,1100.56577,0,0,0,0,0,0,0
69460,883.1932421,1.430261066,2.278832005,-0.041023534,468.9585759,48.73729583,0,0,0,0,1,0,0
69640,2128.738304,1.545037275,0.342379629,0.032707148,207.4026563,74.71383835,0,0,0,0,0,0,0
71090,2453.233959,0.863034687,0.802393841,0.421463381,155.5528404,83.7026138,0,0,0,0,0,0,0
71320,57215.90909,0.320614037,2.127009409,0.066606945,100.2563112,698.7813332,0,0,0,0,0,0,0
71950,790.6961832,1.442607001,2.341388108,0.174553528,482.0309877,-5.56943261,0,0,0,0,0,0,0
72130,512.1764334,0.622971558,0.286543654,0.051589082,80.14801048,-66.21892593,2,0,0,0,0,0,0
72710,11453.42998,0.433595379,0.326731264,-0.002434854,57.5264545,406.9762675,0,0,0,0,0,0,0
73240,45009.23545,0.639073342,3.539923425,-0.02402512,290.1344037,-1118.422341,2,0,0,0,1,0,0
75580,3489.944726,0.72145808,1.22272435,-0.410923529,160.3602441,18.67593869,0,0,0,0,0,0,0
77500,2669.173475,0.92197884,0.34148359,-0.066364177,123.6819485,136.20076,0,0,0,0,0,0,0
78130,1067.123083,0.412255207,0.848935333,0.087689272,76.22332177,17.7096002,0,2,7,0,0,0,0
78140,804.4925371,0.816064598,0.144170895,-0.075829503,93.37173619,77.66068102,0,0,0,0,0,0,0
78150,2001.616362,1.424967558,0.28228672,0.054565646,182.7216976,377.8109355,0,0,0,0,0,0,0
78520,3721.555836,1.003035496,0.222121302,-0.140995436,122.5831046,87.89611873,2,0,0,0,0,0,0
79160,24601.00846,0.696876787,2.163455422,0.196992581,220.4538651,100.363688,0,0,0,0,0,0,0
79550,20067.61323,0.877690938,2.322570999,-0.053455157,291.6190455,-86.28211424,0,0,0,0,0,0,0
79660,3802.848073,1.718150195,1.555166891,-0.030453498,439.0160491,140.8679875,0,0,0,0,0,0,0
79940,1333.825841,0.871312714,0.335207513,0.137395814,116.3383282,96.69612875,0,0,0,0,0,0,0
79980,9002.800577,1.422867714,1.210213122,0.120225785,314.4840892,231.6406779,0,0,0,0,0,0,0
82740,12313.47087,0.624413948,1.266964758,-0.042403267,141.5524416,-103.4323965,2,0,1,0,1,0,0
83450,1024.006693,1.590179879,0.308207449,0.792959022,208.0285162,157.5634404,0,0,0,0,0,0,0
83470,949.1520168,1.019875077,1.379071538,-0.222160214,242.6355768,-86.3757772,14,1,15,10,13,10,0
83660,307.6256124,1.022867506,0.299742568,-0.087608042,132.9464439,-95.79262739,15,0,0,0,0,0,0
84690,26511.35199,1.276311392,1.470167594,0.019767053,315.270304,593.8060237,0,0,0,0,0,0,0
85910,810.2924509,0.53651259,0.758443667,0.082448023,94.34271658,-72.49333908,0,0,0,0,0,0,0
86280,81856.63712,1.998407197,1.051793055,0.066337398,410.0318008,6804.538438,0,0,0,0,1,0,0
87730,196.5039368,0.831363599,0.576275207,-0.107430121,131.0457829,-21.10772416,7,5,14,0,0,0,0
88790,1583.691966,0.809882305,0.544898863,0.04308102,125.1186252,94.99896161,0,0,0,0,0,0,0
89230,621.9807217,0.218498821,0.732871981,-0.113567421,37.86304847,-184.0995898,0,0,9,0,2,0,0
89590,8004.178359,1.244796525,1.415102801,0.332717345,300.6311575,777.9671461,0,0,0,0,0,0,0
91090,3530.227677,0.447954599,0.851300624,-0.28822408,82.92986294,-77.35864032,0,0,0,0,0,0,0
91590,1572.464192,0.421964746,0.16857306,0.027751077,49.3096634,81.52390996,0,0,0,0,0,0,0
91970,741.8097567,0.872647354,0.343358987,0.219408427,117.2278666,-81.32254164,3,1,11,0,1,2,0
92730,566.9480718,0.946003863,0.191520093,0.265877963,112.7182611,115.5921134,1,0,0,0,0,0,0
93050,15948.29433,1.004533696,0.445479252,0.047579577,145.2032616,699.537864,0,0,0,0,0,0,0
93230,998.3783172,0.845174958,0.445239149,1.340673887,122.1479937,7.09365279,0,0,4,0,0,0,0
93640,110.5190779,1.658767084,1.716166965,-0.285496441,450.5488358,-41.49205476,5,1,3,0,1,2,0
94280,1475.141098,2.677875928,1.362179779,0.160616225,632.5624368,95.22953488,0,0,0,0,0,0,0
94480,1834.571613,0.376816003,1.848576093,0.283654986,107.3389059,30.72893474,0,1,0,0,0,0,0
95720,5339.786633,1.169163702,0.762446824,0.000472099,206.0588854,249.3752617,0,0,0,0,0,0,0
96760,13513.79775,0.506083753,2.606274864,-0.001354681,182.5077118,568.6973518,0,0,0,0,0,0,0
98460,2052.073849,0.991039509,0.27207404,0.183794625,126.0675632,267.3410512,2,0,0,0,0,0,0
99220,1094.120204,0.481135276,1.040467153,0.453924002,98.1740726,27.36469264,0,0,3,0,0,0,0
102260,8546.574208,0.968032766,1.04555475,-0.029987203,198.0164023,-59.32019828,2,0,0,0,0,0,0
102280,6239.683936,0.175712465,1.066602789,-0.036296605,36.31278694,1433.826498,0,0,5,0,0,0,0
102460,3057.033372,0.412992304,0.303502366,0.036159264,53.83364457,134.2381521,0,0,2,0,1,0,0
103130,3374.42085,0.720293744,2.083270437,0.397533985,222.0860407,13.61853013,0,0,3,0,0,0,0
103590,7567.745915,1.006884229,1.380024473,0.123738315,239.6409107,-20.87995661,0,0,0,0,0,0,0
104040,875.5578036,0.493787991,0.793579071,-0.093196749,88.56478061,21.37707649,1,1,1,0,1,3,0
108380,2455.511252,0.582624035,0.336456826,-0.182246191,77.86518689,118.3266105,0,0,0,0,0,0,0
114090,7319.043113,0.684919485,0.375624366,-0.085610961,94.21919321,805.3856684,0,0,0,0,0,0,0
114450,729.6419433,0.583638693,0.175096753,-0.016616478,68.58319333,22.24671001,0,1,0,0,0,2,0
119650,1802.557085,0.934619291,1.319968652,-0.060281569,216.8287457,68.87019873,0,0,0,0,0,0,0
120030,1119.716306,0.589531885,0.148522874,0.04633673,67.7090855,153.7141551,0,0,0,0,0,0,0
120240,1122.65502,0.59229429,0.142984198,0.091092867,67.69830139,73.29285991,0,0,0,0,0,0,0
121600,889.6351194,0.512219734,0.07296906,0.10841332,54.95959269,68.27888915,0,0,0,0,0,0,0
123690,993.9736029,1.521730591,0.675849973,-0.059088864,255.019217,40.28515866,0,0,0,0,0,0,0
123700,2050.71053,0.79531583,0.206299786,-0.077452778,95.93893147,56.77389127,0,0,0,0,0,0,0
126870,1236.415501,0.362190188,1.355029448,0.01529585,85.29685582,-55.34147979,0,0,12,0,1,2,0
128940,16609.34086,0.551849855,1.096016196,0.038360084,115.6686234,689.7358126,0,0,0,0,0,0,0
133820,2157.373854,0.590755389,1.165282374,-0.218822103,127.915223,11.012253,2,0,0,0,0,0,0
134790,233.221139,0.536850491,0.071170714,0.259626081,57.50585241,3.083269,3,0,0,0,1,0,0
136490,6868.441235,1.189072274,1.051377004,0.265529612,243.9235519,556.4451835,0,0,0,0,1,0,0
138490,3538.40137,0.741131572,0.818929513,0.100113248,134.8066089,175.2174737,0,0,0,0,0,0,0
143210,6755.96707,0.907460927,1.087356264,-0.094517523,189.419425,232.3698732,0,0,0,0,0,0,0
145720,3108.709291,0.484592252,0.913468053,0.255029456,92.72517934,302.9355216,0,0,0,0,0,0,0
153460,308.8655945,0.436217653,0.1565567,-0.375961516,50.45104494,-63.35769858,0,0,0,0,0,0,0
155660,2282.772386,0.991651985,0.620358416,0.125890312,160.683164,110.3044659,0,0,0,0,0,0,0
161890,6685.485535,1.228954824,1.009846988,0.230942158,247.0011153,486.011124,0,0,0,0,0,0,0
168330,856.8281996,0.107825671,0.565856569,0.409209874,16.88395349,-88.60823749,0,0,0,0,0,0,0
178920,3411.554846,0.63425464,0.374409226,0.413718527,87.17254283,327.8168221,0,2,0,0,0,0,0
180640,27757.8376,0.414173925,0.6235306,0.160069612,67.24240415,2291.362945,0,0,0,0,0,0,0
183190,9063.807563,0.508800614,0.299830967,0.011941848,66.13547947,553.8201032,0,0,0,0,0,0,0
184230,830.3309614,0.666523681,0.646061181,0.117061901,109.7138758,22.21076095,0,0,1,0,0,2,0
185750,6772.053349,1.305900533,0.6791812,0.062954554,219.2843623,537.2825368,0,0,0,0,0,0,0
190510,1424.143199,1.808560944,3.655639988,-0.119776039,842.0008654,-409.1880938,0,0,0,0,0,0,0
192820,9340.191286,0.946393908,3.089637367,0.167757677,387.0407892,155.2015051,0,0,0,0,0,0,0
210540,2551.242308,1.271907585,0.99089362,0.416093084,253.2232697,305.3509763,0,0,0,0,0,0,0
210980,9413.203918,0.351434061,2.640138831,0.196962293,127.9268774,650.0979468,0,0,0,0,1,0,0
211270,1037.157713,0.289710214,0.264027694,0.207158907,36.62017332,0.65521281,0,0,0,0,0,0,0
212560,1371.065561,0.935399058,0.890875201,-0.087481966,176.8722882,41.35625647,0,0,0,0,0,0,0
214320,16264.94168,0.70008574,1.372433525,0.082852664,166.0906879,756.615464,0,0,0,0,0,0,0
214420,1996.618313,1.030403889,0.748642631,-0.117485779,180.1808168,-55.05557071,0,0,1,0,0,0,0
222040,1994.054429,0.683788001,1.308116089,0.128909819,157.8262087,63.73059456,0,1,0,0,1,0,0
227840,1985.405663,0.731531151,0.113090135,-0.05445341,81.42601076,120.266492,0,0,0,0,0,0,0
229640,2851.121376,1.416081473,1.136096957,0.169801333,302.4887325,143.4213103,0,0,0,0,0,0,0
234080,1985.320541,0.723308131,0.944468061,0.085489527,140.644956,167.8271441,0,0,0,0,0,0,0
241560,57.71735109,0.519267057,0.80416046,-0.119452042,93.68410921,2.42084047,0,0,0,0,0,0,0
900100,0.73668083,0.451248772,0.545353012,-0.999999375,69.73386491,-0.19268928,3,4,17,0,1,2,0
360,,,,,,,1,0,0,0,0,0,0
420,,,,,,,1,0,0,0,0,2,0
790,,,,,,,1,0,0,0,0,1,0
800,,,,,,,1,0,0,2,0,1,0
895,,,,,,,1,0,0,1,0,0,0
1190,,,,,,,1,0,0,0,0,1,0
1600,,,,,,,1,10,0,2,0,5,2
1970,,,,,,,1,0,0,0,0,4,0
2540,,,,,,,1,5,0,5,0,1,2
3990,,,,,,,1,3,0,7,0,2,0
4320,,,,,,,1,0,0,0,0,6,0
4740,,,,,,,1,3,0,5,0,0,0
4820,,,,,,,1,2,0,5,0,5,4
5350,,,,,,,1,4,0,0,0,3,4
6070,,,,,,,1,0,0,2,0,1,0
6440,,,,,,,1,0,0,0,0,2,0
7050,,,,,,,1,8,0,4,0,3,4
7150,,,,,,,1,2,1,3,0,7,0
8020,,,,,,,1,0,0,0,0,2,0
8080,,,,,,,1,0,0,1,0,1,0
8320,,,,,,,1,0,0,2,0,1,0
8340,,,,,,,1,0,1,0,0,4,2
8540,,,,,,,1,8,0,1,2,5,4
9010,,,,,,,1,6,2,0,1,7,5
9690,,,,,,,1,0,0,2,0,1,0
9720,,,,,,,1,0,0,0,0,2,0
10670,,,,,,,1,4,0,0,1,6,2
11050,,,,,,,1,14,0,3,0,3,4
12090,,,,,,,1,2,0,4,0,1,2
12400,,,,,,,1,0,0,1,0,3,2
12580,,,,,,,1,6,0,1,0,1,0
13200,,,,,,,1,0,0,0,0,3,2
13240,,,,,,,1,2,0,0,0,4,5
13340,,,,,,,1,1,3,0,0,14,2
13780,,,,,,,1,5,2,2,1,13,6
14350,,,,,,,1,0,0,0,0,0,0
14590,,,,,,,1,8,0,2,3,7,2
15170,,,,,,,1,1,2,5,0,3,6
15390,,,,,,,1,0,0,0,4,14,2
16040,,,,,,,1,1,1,0,0,9,2
16160,,,,,,,1,2,0,3,0,1,2
17010,,,,,,,1,4,3,2,0,6,0
17050,,,,,,,1,4,7,3,0,14,6
17160,,,,,,,1,0,3,0,0,4,0
17170,,,,,,,1,5,0,0,0,2,4
18410,,,,,,,1,0,0,9,0,1,2
18890,,,,,,,1,1,1,0,0,14,2
19120,,,,,,,1,1,0,0,0,4,0
19260,,,,,,,1,1,2,0,0,4,0
19300,,,,,,,1,4,0,0,0,1,0
20070,,,,,,,1,3,2,5,0,7,0
22520,,,,,,,1,0,0,0,0,1,0
24870,,,,,,,1,4,0,3,0,4,2
25460,,,,,,,1,4,4,6,0,12,6
25970,,,,,,,1,0,2,0,0,5,0
26220,,,,,,,1,0,0,2,0,10,0
26230,,,,,,,1,0,0,0,0,8,0
26870,,,,,,,1,0,0,0,0,1,0
30030,,,,,,,1,0,0,0,0,8,2
31960,,,,,,,1,0,3,12,0,8,4
31990,,,,,,,1,0,0,0,0,4,2
32040,,,,,,,1,29,1,9,0,15,0
32290,,,,,,,1,0,1,0,0,5,2
32380,,,,,,,1,2,2,0,0,4,0
32420,,,,,,,1,2,3,0,0,9,2
32570,,,,,,,1,6,5,6,0,23,2
33190,,,,,,,1,4,3,4,0,9,3
33260,,,,,,,1,2,2,10,0,15,6
33720,,,,,,,1,1,4,10,0,10,0
33850,,,,,,,1,2,3,1,0,11,2
33880,,,,,,,1,3,5,18,0,13,8
34660,,,,,,,1,1,2,0,0,7,2
35010,,,,,,,1,3,4,2,0,8,4
35400,,,,,,,1,0,3,7,0,10,2
35450,,,,,,,1,0,0,0,0,13,4
36210,,,,,,,1,0,1,0,2,9,0
36220,,,,,,,1,17,3,0,0,6,6
36360,,,,,,,1,4,3,6,0,11,9
36610,,,,,,,1,7,6,3,0,11,0
36660,,,,,,,1,4,4,4,0,10,4
36760,,,,,,,1,2,3,0,0,15,6
36790,,,,,,,1,1,2,9,0,10,3
37020,,,,,,,1,2,2,0,0,10,6
37110,,,,,,,1,1,1,10,0,5,0
37540,,,,,,,1,0,3,2,0,4,7
37550,,,,,,,1,0,0,7,0,10,0
37630,,,,,,,1,5,4,0,0,6,8
37830,,,,,,,1,0,3,0,0,4,0
38320,,,,,,,1,0,1,2,0,5,2
38410,,,,,,,1,0,5,3,0,4,2
38690,,,,,,,1,0,11,6,0,10,2
38710,,,,,,,1,1,2,1,0,7,0
38810,,,,,,,1,2,1,0,0,14,2
39350,,,,,,,1,2,2,0,0,8,0
39850,,,,,,,1,4,6,0,0,6,2
39990,,,,,,,1,6,4,16,0,16,3
40180,,,,,,,1,2,5,0,0,8,0
40670,,,,,,,1,0,1,9,0,7,0
40740,,,,,,,1,2,1,6,0,8,2
41030,,,,,,,1,2,3,0,0,4,0
41060,,,,,,,1,0,1,0,0,8,0
41320,,,,,,,1,1,3,0,0,9,6
41450,,,,,,,1,0,1,1,0,8,1
41550,,,,,,,1,3,5,2,0,7,0
41630,,,,,,,1,1,1,0,0,2,0
41800,,,,,,,1,2,2,0,0,6,4
42870,,,,,,,1,0,1,0,0,6,0
43630,,,,,,,1,1,1,0,0,8,1
43680,,,,,,,1,4,2,4,0,7,4
44070,,,,,,,1,1,0,2,0,3,0
44770,,,,,,,1,1,0,0,0,10,2
45290,,,,,,,1,1,5,4,0,8,2
45470,,,,,,,1,0,2,3,0,11,8
45880,,,,,,,1,1,4,1,0,8,2
46240,,,,,,,1,1,4,2,0,6,7
46320,,,,,,,1,0,3,18,0,10,2
46350,,,,,,,1,1,1,4,0,8,0
46430,,,,,,,1,1,3,1,0,4,0
46720,,,,,,,1,8,3,3,0,6,4
46840,,,,,,,1,1,0,0,0,3,0
47440,,,,,,,1,0,0,5,6,14,0
47710,,,,,,,1,0,2,2,0,9,2
47940,,,,,,,1,1,2,2,0,7,0
48140,,,,,,,1,4,3,1,0,6,2
48270,,,,,,,1,1,1,3,0,8,2
48510,,,,,,,1,1,2,2,0,13,4
48640,,,,,,,1,2,0,1,0,9,3
49690,,,,,,,1,0,0,0,0,5,2
50050,,,,,,,1,0,0,10,0,6,8
50640,,,,,,,1,4,1,1,0,6,2
51170,,,,,,,1,1,0,0,0,10,4
51310,,,,,,,1,0,0,0,0,3,0
51530,,,,,,,1,1,2,2,0,7,0
51810,,,,,,,1,0,0,0,0,5,0
52210,,,,,,,1,10,5,4,0,15,4
52290,,,,,,,1,0,0,9,0,3,0
52310,,,,,,,1,1,2,3,0,6,0
52350,,,,,,,1,1,2,1,1,14,7
52510,,,,,,,1,5,2,7,0,9,2
52560,,,,,,,1,3,4,11,0,15,5
52640,,,,,,,1,3,5,8,0,11,2
52650,,,,,,,1,4,1,0,0,3,1
52810,,,,,,,1,5,3,0,0,5,0
52880,,,,,,,1,1,2,0,0,7,1
52970,,,,,,,1,5,4,5,0,14,10
53070,,,,,,,1,3,6,4,0,16,4
53170,,,,,,,1,1,3,22,0,10,4
53330,,,,,,,1,1,2,0,0,13,7
53440,,,,,,,1,0,0,0,0,3,0
53810,,,,,,,1,2,3,1,0,8,3
53870,,,,,,,1,0,0,0,0,6,0
53890,,,,,,,1,1,0,5,0,8,3
54010,,,,,,,1,2,3,4,0,13,15
54020,,,,,,,1,6,5,5,0,12,2
54120,,,,,,,1,0,2,2,0,5,0
54150,,,,,,,1,4,1,0,3,20,4
54170,,,,,,,1,2,1,4,0,3,4
55250,,,,,,,1,3,3,3,0,5,0
56020,,,,,,,1,1,1,14,0,5,2
56340,,,,,,,1,0,1,0,0,2,2
56710,,,,,,,1,0,0,0,0,6,0
56810,,,,,,,1,1,4,0,0,6,0
56850,,,,,,,1,3,5,1,0,6,2
57100,,,,,,,1,2,1,5,0,5,6
58370,,,,,,,1,0,1,2,3,9,0
58480,,,,,,,1,0,0,0,0,3,0
58550,,,,,,,1,3,5,8,0,20,4
58690,,,,,,,1,2,2,1,0,9,6
58900,,,,,,,1,2,1,0,0,6,0
59720,,,,,,,1,4,9,6,0,13,4
60550,,,,,,,1,3,2,5,0,13,0
60750,,,,,,,1,2,1,4,0,2,0
60900,,,,,,,1,4,3,1,0,9,2
60910,,,,,,,1,0,0,0,0,1,0
61050,,,,,,,1,2,3,0,0,9,2
61140,,,,,,,1,0,1,2,0,5,10
62730,,,,,,,1,0,2,0,0,8,2
63280,,,,,,,1,1,6,9,0,12,2
64060,,,,,,,1,5,6,1,0,5,0
65180,,,,,,,1,0,1,1,0,6,0
65410,,,,,,,1,1,0,0,0,7,4
65610,,,,,,,1,1,1,0,0,4,0
65910,,,,,,,1,2,0,11,0,7,0
66060,,,,,,,1,0,1,0,0,8,4
66200,,,,,,,1,3,4,2,0,12,2
66300,,,,,,,1,4,3,5,0,16,3
66340,,,,,,,1,2,3,1,0,4,6
66850,,,,,,,1,8,2,0,0,13,0
66930,,,,,,,1,1,0,0,0,3,2
67950,,,,,,,1,7,2,19,0,5,0
68770,,,,,,,1,3,6,1,0,9,8
69470,,,,,,,1,6,0,4,0,10,11
70080,,,,,,,1,0,3,8,0,4,0
71360,,,,,,,1,4,2,20,0,5,2
71660,,,,,,,1,0,0,0,0,3,0
73130,,,,,,,1,1,0,5,0,4,1
73780,,,,,,,1,2,5,4,0,15,0
74140,,,,,,,1,1,2,10,0,10,0
74150,,,,,,,1,0,2,0,0,3,3
77960,,,,,,,1,1,0,19,0,4,3
78610,,,,,,,1,2,6,6,0,10,2
78670,,,,,,,1,1,3,2,0,4,0
78700,,,,,,,1,1,5,5,0,8,2
78780,,,,,,,1,0,1,7,0,7,2
79340,,,,,,,1,1,6,6,0,7,5
79560,,,,,,,1,1,0,4,0,3,0
79870,,,,,,,1,1,1,2,0,8,0
80140,,,,,,,1,4,1,0,0,16,2
80570,,,,,,,1,3,7,1,0,8,2
81090,,,,,,,1,2,2,1,0,6,0
81500,,,,,,,1,0,1,6,0,5,0
82390,,,,,,,1,2,1,1,0,9,4
84810,,,,,,,1,1,1,0,0,7,3
86200,,,,,,,1,7,2,1,0,5,2
88810,,,,,,,1,3,5,6,0,11,4
88960,,,,,,,1,4,4,0,0,6,10
89240,,,,,,,1,1,1,2,0,7,0
89480,,,,,,,1,2,0,0,0,7,2
90090,,,,,,,1,0,1,0,0,2,0
90120,,,,,,,1,0,1,0,0,5,2
91690,,,,,,,1,2,5,0,0,7,6
110500,,,,,,,1,5,7,2,0,8,4
119250,,,,,,,1,3,0,0,0,1,4
149130,,,,,,,1,5,0,0,0,2,0
155960,,,,,,,1,13,2,7,0,12,4
950030,,,,,,,1,2,1,0,0,4,4
1000,,,,,,,0,0,0,0,0,0,0
1840,,,,,,,0,0,0,0,0,0,0
2230,,,,,,,0,0,0,0,0,0,0
2290,,,,,,,0,0,0,0,0,0,0
2680,,,,,,,0,0,0,2,0,0,0
2800,,,,,,,0,0,1,0,0,0,0
3100,,,,,,,0,0,0,0,0,0,0
3800,,,,,,,0,0,0,0,0,2,0
4590,,,,,,,0,0,0,0,0,2,0
5160,,,,,,,0,4,0,0,0,0,0
5670,,,,,,,0,0,0,0,0,0,0
6730,,,,,,,0,8,0,0,0,1,0
6910,,,,,,,0,0,0,1,0,0,0
8290,,,,,,,0,0,0,6,0,0,0
8370,,,,,,,0,0,0,0,0,0,0
8470,,,,,,,0,0,0,0,0,0,0
9730,,,,,,,0,2,0,17,0,0,1
10170,,,,,,,0,3,1,0,0,0,0
10470,,,,,,,0,0,1,0,0,0,0
11080,,,,,,,0,0,0,1,0,0,0
11370,,,,,,,0,0,0,0,0,0,0
11560,,,,,,,0,0,0,0,0,0,0
12620,,,,,,,0,0,0,0,0,0,0
12860,,,,,,,0,0,1,0,0,0,0
13310,,,,,,,0,1,0,9,0,1,0
13990,,,,,,,0,0,0,0,0,0,0
14100,,,,,,,0,0,1,0,0,0,0
14620,,,,,,,0,0,0,0,0,0,0
15710,,,,,,,0,0,0,0,0,0,0
16100,,,,,,,0,0,0,3,0,0,0
17000,,,,,,,0,10,0,18,0,0,0
17510,,,,,,,0,0,0,0,0,0,0
17890,,,,,,,0,0,0,0,0,0,0
18120,,,,,,,0,0,0,0,0,0,0
18290,,,,,,,0,15,1,9,0,0,0
18620,,,,,,,0,0,0,1,0,0,0
18680,,,,,,,0,0,1,2,0,0,0
19540,,,,,,,0,0,0,0,0,0,0
21650,,,,,,,0,1,1,2,0,0,0
22100,,,,,,,0,0,0,0,0,0,2
23600,,,,,,,0,0,1,0,0,0,0
23890,,,,,,,0,0,3,0,0,0,0
23910,,,,,,,0,0,0,0,0,0,0
24830,,,,,,,0,0,0,0,0,0,0
25550,,,,,,,0,0,0,0,0,0,0
25770,,,,,,,0,16,0,0,0,0,0
25870,,,,,,,0,0,0,0,0,0,0
25880,,,,,,,0,0,0,0,0,0,0
25900,,,,,,,0,0,0,0,0,1,0
26180,,,,,,,0,1,1,0,0,0,0
27040,,,,,,,0,2,2,0,0,0,0
27580,,,,,,,0,0,0,0,0,0,0
27710,,,,,,,0,0,2,1,0,0,0
29960,,,,,,,0,3,0,0,0,0,0
31980,,,,,,,0,0,0,0,0,2,0
32500,,,,,,,0,0,0,1,0,0,0
32620,,,,,,,0,2,0,0,0,0,0
32790,,,,,,,0,0,0,8,0,1,0
32940,,,,,,,0,0,2,0,0,0,0
32980,,,,,,,0,0,0,18,0,0,2
33050,,,,,,,0,0,0,0,0,0,0
33170,,,,,,,0,0,1,0,0,0,0
33230,,,,,,,0,0,0,1,0,0,0
33290,,,,,,,0,0,1,0,0,0,0
33320,,,,,,,0,0,0,0,0,0,0
33790,,,,,,,0,6,1,4,0,0,0
34230,,,,,,,0,0,1,0,0,0,0
35200,,,,,,,0,0,0,0,0,0,0
35290,,,,,,,0,16,1,10,0,0,2
35890,,,,,,,0,0,0,2,0,2,0
36010,,,,,,,0,0,1,0,0,0,0
36090,,,,,,,0,0,0,1,0,0,0
36170,,,,,,,0,3,0,8,0,2,0
36200,,,,,,,0,0,0,0,0,0,0
36930,,,,,,,0,0,0,0,0,0,0
37070,,,,,,,0,0,0,0,0,0,0
37230,,,,,,,0,0,0,0,0,0,0
37400,,,,,,,0,0,2,0,0,0,0
37460,,,,,,,0,0,1,0,0,0,0
38070,,,,,,,0,0,0,0,0,0,0
38500,,,,,,,0,3,4,0,0,0,0
38680,,,,,,,0,0,1,0,0,0,0
39030,,,,,,,0,0,1,0,0,0,0
39310,,,,,,,0,0,0,0,0,0,0
39610,,,,,,,0,0,0,0,0,1,0
39740,,,,,,,0,0,2,0,0,0,0
39840,,,,,,,0,6,2,1,0,0,2
39980,,,,,,,0,4,2,0,0,0,0
40910,,,,,,,0,0,0,1,0,0,0
41510,,,,,,,0,0,1,0,0,0,0
41590,,,,,,,0,0,1,7,0,0,0
41830,,,,,,,0,0,0,0,0,0,0
41910,,,,,,,0,0,0,0,0,0,0
42110,,,,,,,0,0,0,0,0,0,0
42500,,,,,,,0,0,0,0,0,0,0
42600,,,,,,,0,0,0,0,0,0,0
42940,,,,,,,0,10,2,18,0,1,2
43090,,,,,,,0,9,1,24,0,0,0
43100,,,,,,,0,0,0,3,0,0,0
43200,,,,,,,0,0,0,0,0,0,2
43220,,,,,,,0,1,1,8,0,3,0
43590,,,,,,,0,4,1,8,0,1,2
43910,,,,,,,0,0,1,0,0,0,0
44340,,,,,,,0,0,0,1,0,0,0
45060,,,,,,,0,0,0,0,0,0,0
45340,,,,,,,0,0,0,0,0,0,0
45520,,,,,,,0,0,0,0,0,0,0
45970,,,,,,,0,1,0,4,0,0,0
46310,,,,,,,0,0,0,1,0,0,0
46390,,,,,,,0,0,0,0,0,0,0
46940,,,,,,,0,0,0,1,0,0,0
47080,,,,,,,0,0,0,2,0,0,0
47310,,,,,,,0,0,0,0,0,0,0
48410,,,,,,,0,0,0,1,0,0,0
48430,,,,,,,0,0,0,0,0,0,0
49120,,,,,,,0,0,0,4,0,0,0
49180,,,,,,,0,3,1,5,0,3,0
49430,,,,,,,0,0,0,0,0,0,0
49520,,,,,,,0,4,1,0,0,1,0
49630,,,,,,,0,0,2,2,0,0,0
49830,,,,,,,0,0,0,0,0,0,0
49960,,,,,,,0,0,0,0,0,0,0
50120,,,,,,,0,0,0,3,0,1,0
50540,,,,,,,0,25,4,7,0,0,2
51160,,,,,,,0,0,2,2,0,0,0
51360,,,,,,,0,0,0,0,0,0,0
51380,,,,,,,0,2,0,1,0,0,0
52020,,,,,,,0,1,0,1,0,0,0
52670,,,,,,,0,0,0,0,0,0,0
52710,,,,,,,0,0,0,0,0,0,0
52790,,,,,,,0,0,1,0,0,0,0
53050,,,,,,,0,0,0,0,0,0,0
53060,,,,,,,0,1,0,0,0,0,0
53450,,,,,,,0,0,0,0,0,0,0
53590,,,,,,,0,11,3,21,0,0,0
53610,,,,,,,0,0,0,0,0,0,0
53620,,,,,,,0,0,0,0,0,0,0
53800,,,,,,,0,0,0,0,0,0,2
54090,,,,,,,0,0,0,0,0,0,0
54210,,,,,,,0,0,0,0,0,0,0
54450,,,,,,,0,2,0,0,0,1,0
54630,,,,,,,0,2,0,3,0,0,0
54670,,,,,,,0,0,1,0,0,0,0
54800,,,,,,,0,0,0,0,0,0,2
54920,,,,,,,0,0,3,0,0,1,0
54930,,,,,,,0,2,1,0,0,0,0
54950,,,,,,,0,0,0,0,0,0,0
56000,,,,,,,0,0,0,0,0,0,2
56080,,,,,,,0,3,0,3,0,0,0
56700,,,,,,,0,1,1,0,0,0,0
57540,,,,,,,0,0,0,1,0,0,0
57680,,,,,,,0,4,1,8,0,0,0
58220,,,,,,,0,0,1,12,0,3,1
58450,,,,,,,0,1,0,0,0,0,0
58610,,,,,,,0,0,0,0,0,0,0
59100,,,,,,,0,0,0,1,0,0,0
60280,,,,,,,0,0,0,0,0,1,0
60380,,,,,,,0,2,1,0,0,0,0
60540,,,,,,,0,0,0,0,0,0,0
60570,,,,,,,0,0,1,0,0,2,0
61970,,,,,,,0,0,0,0,0,0,0
63170,,,,,,,0,0,0,0,0,0,0
64090,,,,,,,0,3,2,5,0,0,0
64240,,,,,,,0,5,1,1,0,0,0
64290,,,,,,,0,0,0,0,0,0,0
64520,,,,,,,0,9,0,0,0,1,1
64550,,,,,,,0,0,0,0,0,0,0
65350,,,,,,,0,0,2,1,0,0,0
65420,,,,,,,0,0,0,1,0,0,0
65500,,,,,,,0,0,0,4,0,0,0
65510,,,,,,,0,0,0,0,0,0,0
65570,,,,,,,0,0,1,0,0,0,0
65650,,,,,,,0,0,0,0,0,0,0
65660,,,,,,,0,1,2,8,0,0,0
65690,,,,,,,0,0,0,2,0,0,0
65710,,,,,,,0,0,0,0,0,0,0
65950,,,,,,,0,0,0,1,0,0,0
66110,,,,,,,0,0,0,14,0,2,4
66670,,,,,,,0,0,0,0,0,0,0
66700,,,,,,,0,0,2,2,0,0,0
66970,,,,,,,0,0,1,0,0,0,0
67080,,,,,,,0,8,0,0,0,0,0
67570,,,,,,,0,0,1,1,0,0,0
67630,,,,,,,0,0,0,3,0,5,2
67770,,,,,,,0,0,0,0,0,0,0
67900,,,,,,,0,0,1,0,0,0,0
68930,,,,,,,0,0,0,0,0,0,0
68940,,,,,,,0,0,0,0,0,2,0
69110,,,,,,,0,1,0,7,0,0,0
69410,,,,,,,0,0,0,0,0,0,0
69920,,,,,,,0,0,1,1,0,0,0
70590,,,,,,,0,0,2,0,0,4,1
71200,,,,,,,0,0,0,0,0,0,0
71670,,,,,,,0,0,0,0,0,0,0
71850,,,,,,,0,5,0,6,0,0,0
72020,,,,,,,0,0,0,0,0,1,0
72870,,,,,,,0,0,1,0,0,1,0
72990,,,,,,,0,0,0,0,0,0,0
73070,,,,,,,0,3,2,4,0,2,0
73560,,,,,,,0,0,2,0,0,0,0
73570,,,,,,,0,2,5,27,0,4,0
76080,,,,,,,0,0,1,1,0,0,0
76610,,,,,,,0,0,0,2,0,0,0
77280,,,,,,,0,0,0,0,0,1,0
78070,,,,,,,0,0,2,0,0,2,0
78160,,,,,,,0,0,0,0,0,0,0
78350,,,,,,,0,0,1,0,0,0,0
78590,,,,,,,0,4,1,7,0,0,0
78860,,,,,,,0,0,1,19,0,2,0
79000,,,,,,,0,0,0,0,0,0,0
79170,,,,,,,0,0,1,0,0,0,0
79370,,,,,,,0,0,0,0,0,0,0
79810,,,,,,,0,0,1,4,0,0,0
79960,,,,,,,0,0,2,0,0,0,0
80220,,,,,,,0,0,0,4,0,0,0
80580,,,,,,,0,0,0,3,0,0,0
81580,,,,,,,0,0,0,0,0,0,0
82660,,,,,,,0,11,1,19,0,0,0
82850,,,,,,,0,0,1,3,0,0,0
82920,,,,,,,0,0,0,0,0,5,0
83310,,,,,,,0,0,0,3,0,0,0
83640,,,,,,,0,2,1,4,0,3,0
83790,,,,,,,0,0,0,1,0,1,0
83930,,,,,,,0,0,1,0,0,0,0
84370,,,,,,,0,0,0,0,0,0,0
84730,,,,,,,0,0,0,0,0,0,0
86040,,,,,,,0,0,0,0,0,0,0
86060,,,,,,,0,0,0,0,0,0,0
86520,,,,,,,0,0,0,0,0,0,0
86670,,,,,,,0,0,0,0,0,0,0
86890,,,,,,,0,0,2,0,0,0,0
86900,,,,,,,0,0,0,0,0,0,0
86980,,,,,,,0,0,1,0,0,0,2
87260,,,,,,,0,0,0,1,0,0,0
87600,,,,,,,0,0,0,0,0,0,0
88290,,,,,,,0,0,0,0,0,0,0
88910,,,,,,,0,0,1,0,0,0,0
89790,,,,,,,0,0,1,0,0,0,0
90470,,,,,,,0,0,1,0,0,0,0
91440,,,,,,,0,0,0,1,0,0,0
91700,,,,,,,0,0,1,0,0,0,0
92040,,,,,,,0,0,0,0,0,1,0
92460,,,,,,,0,0,0,0,0,0,0
93320,,,,,,,0,0,1,0,0,0,0
93520,,,,,,,0,0,0,0,0,0,0
93920,,,,,,,0,0,0,0,0,0,0
94840,,,,,,,0,0,1,0,0,0,0
94940,,,,,,,0,0,0,0,0,1,0
94970,,,,,,,0,0,0,0,0,0,0
95610,,,,,,,0,0,0,0,0,0,0
96530,,,,,,,0,0,0,3,0,0,0
96610,,,,,,,0,0,0,1,0,1,2
96630,,,,,,,0,0,0,0,0,0,0
96640,,,,,,,0,0,0,4,0,0,0
96690,,,,,,,0,0,1,0,0,7,0
97520,,,,,,,0,0,0,5,0,1,0
97780,,,,,,,0,4,0,11,0,3,0
98660,,,,,,,0,0,0,0,0,0,0
99410,,,,,,,0,0,0,0,0,0,0
99440,,,,,,,0,0,0,0,0,0,0
100030,,,,,,,0,0,0,0,0,0,0
100120,,,,,,,0,0,0,0,0,0,0
100660,,,,,,,0,0,0,0,0,0,0
101330,,,,,,,0,0,1,0,0,2,0
104540,,,,,,,0,1,2,1,0,0,0
105330,,,,,,,0,0,0,0,0,0,0
105740,,,,,,,0,0,0,0,0,0,0
106080,,,,,,,0,8,2,7,0,6,4
108230,,,,,,,0,0,0,2,0,1,0
108320,,,,,,,0,0,1,0,0,0,0
108790,,,,,,,0,0,2,0,0,0,0
109610,,,,,,,0,0,0,3,0,0,0
109820,,,,,,,0,0,0,3,0,1,0
109960,,,,,,,0,2,1,4,0,1,0
114570,,,,,,,0,4,2,9,0,1,0
114630,,,,,,,0,3,0,0,0,0,0
114810,,,,,,,0,0,0,2,0,0,0
115450,,,,,,,0,22,0,6,0,0,0
117670,,,,,,,0,18,1,17,0,4,4
119610,,,,,,,0,0,0,0,0,0,0
119830,,,,,,,0,3,1,3,0,0,0
122640,,,,,,,0,0,0,1,0,1,0
122690,,,,,,,0,0,2,2,0,0,0
122870,,,,,,,0,0,0,0,0,0,0
123040,,,,,,,0,9,0,3,0,0,0
123330,,,,,,,0,0,1,1,0,0,0
123840,,,,,,,0,0,1,8,0,1,2
126700,,,,,,,0,0,0,0,0,0,0
130740,,,,,,,0,0,0,4,0,0,0
131030,,,,,,,0,0,0,0,0,0,0
133750,,,,,,,0,0,0,0,0,0,0
134580,,,,,,,0,2,2,2,0,1,2
136480,,,,,,,0,7,2,0,0,0,2
136510,,,,,,,0,0,0,0,0,0,0
136540,,,,,,,0,0,0,0,0,0,0
138690,,,,,,,0,0,0,13,0,0,0
142210,,,,,,,0,0,0,2,0,0,0
143540,,,,,,,0,0,0,3,0,0,0
147830,,,,,,,0,0,0,0,0,0,0
149950,,,,,,,0,0,1,0,0,0,0
150900,,,,,,,0,0,0,3,0,0,0
154040,,,,,,,0,8,2,5,0,0,2
155650,,,,,,,0,0,0,0,0,1,0
156100,,,,,,,0,0,1,3,0,0,0
173130,,,,,,,0,0,0,0,0,0,0
175140,,,,,,,0,2,0,1,0,0,0
175250,,,,,,,0,0,0,1,0,0,0
177830,,,,,,,0,4,0,5,0,0,2
183490,,,,,,,0,0,0,0,0,0,0
187220,,,,,,,0,0,0,1,0,0,0
187420,,,,,,,0,0,0,0,0,1,0
189860,,,,,,,0,0,1,0,0,1,0
189980,,,,,,,0,0,0,5,0,0,0
195440,,,,,,,0,6,1,6,0,3,0
200230,,,,,,,0,2,5,11,0,0,0
201490,,,,,,,0,0,0,1,0,0,0
204840,,,,,,,0,0,0,6,0,0,0
204990,,,,,,,0,0,0,0,0,2,0
208350,,,,,,,0,0,0,0,0,0,0
208710,,,,,,,0,5,0,5,0,0,0
214430,,,,,,,0,0,0,0,0,1,0
214450,,,,,,,0,0,0,0,0,0,0
221840,,,,,,,0,0,0,0,0,1,0
221980,,,,,,,0,0,0,0,0,0,0
222080,,,,,,,0,1,1,1,0,0,0
222810,,,,,,,0,15,3,5,0,0,2
223310,,,,,,,0,9,2,38,0,3,0
224110,,,,,,,0,0,0,2,0,0,0
226400,,,,,,,0,0,0,6,0,0,0
228340,,,,,,,0,0,0,0,0,0,0
236200,,,,,,,0,0,1,0,0,0,0
238090,,,,,,,0,3,2,2,0,0,0
238120,,,,,,,0,0,0,0,0,0,0
239610,,,,,,,0,0,0,0,0,0,0
240810,,,,,,,0,0,2,0,0,1,0
243070,,,,,,,0,0,1,0,0,1,0
900040,,,,,,,0,2,0,0,0,0,0
900260,,,,,,,0,0,0,0,0,0,0
900270,,,,,,,0,0,0,0,0,0,0
950130,,,,,,,0,0,0,0,0,0,0
20,,,,,,,0,0,0,0,0,0,0
40,,,,,,,0,0,0,1,0,1,0
50,,,,,,,0,0,0,0,0,0,0
80,,,,,,,0,0,0,0,0,0,0
210,,,,,,,0,0,0,0,0,0,0
220,,,,,,,0,0,0,1,0,0,0
430,,,,,,,0,0,0,0,0,0,0
480,,,,,,,0,0,0,0,0,0,0
500,,,,,,,0,2,0,0,0,0,0
520,,,,,,,0,2,0,0,0,0,0
590,,,,,,,0,0,0,0,0,0,0
650,,,,,,,0,0,0,0,0,0,0
680,,,,,,,0,0,0,0,0,0,0
760,,,,,,,0,0,0,0,0,0,0
850,,,,,,,0,0,0,0,0,0,0
890,,,,,,,0,0,0,1,0,0,0
910,,,,,,,0,0,0,0,0,0,0
1020,,,,,,,0,1,0,1,0,1,0
1120,,,,,,,0,2,0,0,0,0,0
1250,,,,,,,0,0,0,0,0,0,0
1260,,,,,,,0,0,0,0,0,0,2
1440,,,,,,,0,0,0,0,0,0,0
1460,,,,,,,0,0,0,0,0,0,0
1520,,,,,,,0,0,0,0,0,0,2
1530,,,,,,,0,0,0,0,0,0,0
1550,,,,,,,0,0,0,0,0,0,0
1570,,,,,,,0,0,0,0,0,0,0
1780,,,,,,,0,0,0,0,0,0,0
2070,,,,,,,0,0,0,0,0,0,0
2100,,,,,,,0,0,0,0,0,0,0
2140,,,,,,,0,0,0,0,0,0,0
2170,,,,,,,0,2,0,0,0,0,0
2220,,,,,,,0,0,0,3,0,0,0
2270,,,,,,,0,2,0,0,0,1,0
2310,,,,,,,0,0,0,0,0,0,0
2360,,,,,,,0,0,0,0,0,0,0
2420,,,,,,,0,2,0,0,0,0,0
2450,,,,,,,0,0,0,0,0,1,0
2460,,,,,,,0,0,0,0,0,0,0
2600,,,,,,,0,2,0,0,0,0,0
2690,,,,,,,0,0,0,0,0,0,0
2760,,,,,,,0,0,0,0,0,0,0
2920,,,,,,,0,0,0,0,0,0,0
3030,,,,,,,0,2,0,0,0,1,0
3120,,,,,,,0,0,0,0,0,0,0
3160,,,,,,,0,0,0,0,0,0,0
3200,,,,,,,0,0,0,0,0,0,0
3240,,,,,,,0,0,0,0,0,0,0
3280,,,,,,,0,0,0,1,0,0,0
3410,,,,,,,0,0,0,0,0,0,0
3580,,,,,,,0,7,0,23,0,0,0
3620,,,,,,,0,0,0,0,0,0,0
3680,,,,,,,0,0,0,2,0,0,0
3850,,,,,,,0,4,0,0,0,0,0
3960,,,,,,,0,0,0,0,0,0,0
4020,,,,,,,0,0,0,0,0,0,0
4060,,,,,,,0,0,0,0,0,0,0
4090,,,,,,,0,2,0,0,0,0,0
4100,,,,,,,0,0,0,0,0,0,2
4140,,,,,,,0,0,0,0,0,0,0
4200,,,,,,,0,0,0,0,0,1,0
4250,,,,,,,0,0,0,0,0,0,0
4270,,,,,,,0,0,0,0,0,0,0
4310,,,,,,,0,0,0,0,0,0,0
4370,,,,,,,0,0,0,0,0,0,0
4380,,,,,,,0,0,0,0,0,0,0
4410,,,,,,,0,0,0,1,0,0,0
4430,,,,,,,0,0,0,0,0,0,0
4440,,,,,,,0,0,0,0,0,0,0
4690,,,,,,,0,0,0,0,0,0,0
4710,,,,,,,0,0,0,0,0,0,0
4770,,,,,,,0,0,0,1,0,0,0
4830,,,,,,,0,0,0,0,0,0,0
4890,,,,,,,0,0,0,0,0,0,0
4920,,,,,,,0,0,0,4,0,0,1
4960,,,,,,,0,0,0,0,0,0,0
4970,,,,,,,0,0,0,0,0,0,0
5110,,,,,,,0,0,0,0,0,0,0
5180,,,,,,,0,0,0,0,0,0,0
5190,,,,,,,0,0,0,0,0,0,0
5320,,,,,,,0,2,0,1,0,1,0
5360,,,,,,,0,0,0,0,0,0,0
5380,,,,,,,0,0,0,0,0,0,0
5430,,,,,,,0,0,0,0,0,0,0
5440,,,,,,,0,0,0,0,0,0,0
5450,,,,,,,0,0,0,0,0,1,2
5490,,,,,,,0,0,0,0,0,0,0
5500,,,,,,,0,0,0,0,0,0,0
5610,,,,,,,0,0,0,0,0,0,0
5710,,,,,,,0,0,0,0,0,0,0
5720,,,,,,,0,0,0,0,0,0,0
5740,,,,,,,0,2,0,0,0,0,0
5820,,,,,,,0,0,0,0,0,0,0
5850,,,,,,,0,0,0,0,0,1,0
5870,,,,,,,0,0,0,0,0,0,0
5930,,,,,,,0,0,0,0,0,0,0
6040,,,,,,,0,0,0,0,0,0,0
6050,,,,,,,0,0,0,0,0,0,0
6200,,,,,,,0,0,0,0,0,0,0
6400,,,,,,,0,0,0,0,0,0,0
6660,,,,,,,0,0,0,0,0,0,0
6890,,,,,,,0,0,0,0,0,0,0
7110,,,,,,,0,0,0,0,0,0,0
7120,,,,,,,0,0,0,0,0,0,0
7390,,,,,,,0,0,0,0,0,0,0
7540,,,,,,,0,0,0,0,0,0,0
7570,,,,,,,0,0,0,0,0,0,0
7610,,,,,,,0,0,0,0,0,0,0
7630,,,,,,,0,5,0,21,0,1,0
7700,,,,,,,0,0,0,0,0,0,0
7720,,,,,,,0,0,1,0,0,0,0
7810,,,,,,,0,0,0,0,0,0,0
7980,,,,,,,0,0,0,0,0,0,0
8040,,,,,,,0,2,0,0,0,1,0
8060,,,,,,,0,0,0,0,0,1,0
8250,,,,,,,0,0,0,1,0,0,0
8420,,,,,,,0,0,0,0,0,0,0
8490,,,,,,,0,0,0,0,0,0,0
8770,,,,,,,0,0,0,0,0,0,0
8830,,,,,,,0,0,1,0,0,0,0
8970,,,,,,,0,0,0,0,0,0,0
9140,,,,,,,0,0,0,0,0,0,0
9160,,,,,,,0,0,0,0,0,1,0
9180,,,,,,,0,0,0,0,0,0,0
9190,,,,,,,0,0,0,0,0,0,0
9310,,,,,,,0,0,0,5,0,0,0
9420,,,,,,,0,0,0,0,0,0,0
9440,,,,,,,0,0,0,0,0,0,0
9470,,,,,,,0,0,0,0,0,0,0
9680,,,,,,,0,0,0,0,0,0,0
9770,,,,,,,0,0,0,0,0,0,0
9810,,,,,,,0,0,0,0,0,1,0
10100,,,,,,,0,0,0,0,0,0,0
10580,,,,,,,0,5,0,2,0,0,2
10620,,,,,,,0,2,0,0,0,1,0
10690,,,,,,,0,0,0,0,0,0,0
11090,,,,,,,0,0,0,0,0,0,0
11200,,,,,,,0,0,0,2,0,1,3
11210,,,,,,,0,0,0,0,0,0,0
11300,,,,,,,0,0,0,0,0,0,0
11500,,,,,,,0,0,0,0,0,0,0
11690,,,,,,,0,0,0,5,0,0,0
11760,,,,,,,0,0,0,0,0,0,0
11790,,,,,,,0,0,0,0,0,0,0
12030,,,,,,,0,0,0,0,0,0,0
12170,,,,,,,0,0,0,7,0,0,0
12200,,,,,,,0,0,0,0,0,0,0
12280,,,,,,,0,0,0,0,0,0,0
12340,,,,,,,0,0,0,0,0,0,0
12510,,,,,,,0,0,0,0,0,0,0
12750,,,,,,,0,0,0,0,0,0,0
12800,,,,,,,0,0,0,0,0,0,0
13360,,,,,,,0,0,0,0,0,0,0
13570,,,,,,,0,0,0,0,0,0,0
13580,,,,,,,0,1,0,0,0,0,0
13870,,,,,,,0,0,0,0,0,0,0
14130,,,,,,,0,0,0,0,0,0,0
14570,,,,,,,0,0,0,0,0,0,0
14580,,,,,,,0,0,0,0,0,0,0
14680,,,,,,,0,0,0,0,0,0,0
14790,,,,,,,0,0,0,0,0,1,0
14820,,,,,,,0,0,0,0,0,0,0
14910,,,,,,,0,0,0,0,0,0,0
15020,,,,,,,0,0,0,0,0,0,0
15350,,,,,,,0,0,0,0,0,0,0
15360,,,,,,,0,0,0,0,0,0,0
15540,,,,,,,0,2,0,9,0,0,0
15890,,,,,,,0,0,0,0,0,0,0
16580,,,,,,,0,0,0,0,0,0,0
16800,,,,,,,0,0,0,0,0,0,2
17370,,,,,,,0,0,0,0,0,0,0
17650,,,,,,,0,0,0,0,0,0,0
17670,,,,,,,0,0,0,0,0,0,0
17960,,,,,,,0,0,0,0,0,0,0
18470,,,,,,,0,0,0,1,0,0,0
18670,,,,,,,0,0,0,0,0,0,0
19440,,,,,,,0,0,0,0,0,0,0
19490,,,,,,,0,0,0,2,0,0,0
20120,,,,,,,0,0,0,0,0,0,0
20150,,,,,,,0,0,0,0,0,0,0
20400,,,,,,,0,0,0,1,0,0,0
21050,,,,,,,0,0,0,0,0,0,0
21240,,,,,,,0,0,0,0,0,0,2
21320,,,,,,,0,0,0,0,0,0,0
23000,,,,,,,0,0,0,0,0,0,0
23150,,,,,,,0,0,0,0,0,0,0
23590,,,,,,,0,0,0,0,0,0,0
23800,,,,,,,0,0,0,0,0,0,0
23810,,,,,,,0,0,0,0,0,0,0
23960,,,,,,,0,0,0,0,0,1,0
25000,,,,,,,0,0,0,0,0,0,0
25820,,,,,,,0,0,0,0,0,0,0
25860,,,,,,,0,0,0,0,0,0,0
25890,,,,,,,0,2,0,0,0,0,0
26890,,,,,,,0,0,0,0,0,0,0
26940,,,,,,,0,0,0,0,0,0,0
28100,,,,,,,0,0,0,0,0,1,0
30720,,,,,,,0,0,0,0,0,0,0
31390,,,,,,,0,0,1,1,0,1,0
31820,,,,,,,0,2,0,0,0,0,0
33530,,,,,,,0,0,0,3,0,0,0
33640,,,,,,,0,0,0,1,0,0,0
34020,,,,,,,0,0,0,0,0,0,0
34590,,,,,,,0,0,0,0,0,0,0
34730,,,,,,,0,0,0,0,0,0,0
35000,,,,,,,0,0,0,0,0,0,0
35900,,,,,,,0,0,0,0,0,0,0
36480,,,,,,,0,0,0,0,0,2,0
36570,,,,,,,0,10,0,0,0,0,0
36580,,,,,,,0,0,0,0,0,0,0
36800,,,,,,,0,0,2,0,0,0,2
37370,,,,,,,0,0,0,0,0,0,0
39240,,,,,,,0,0,1,1,0,2,0
41650,,,,,,,0,0,0,0,0,0,2
42660,,,,,,,0,0,0,4,0,0,0
42700,,,,,,,0,0,0,0,0,1,0
43650,,,,,,,0,0,0,0,0,0,0
44180,,,,,,,0,4,2,3,0,2,0
44450,,,,,,,0,0,0,0,0,0,0
44820,,,,,,,0,0,0,0,0,0,0
45390,,,,,,,0,0,0,0,0,0,0
46440,,,,,,,0,0,3,0,0,2,0
47050,,,,,,,0,0,0,0,0,0,0
47400,,,,,,,0,2,0,0,0,0,0
47810,,,,,,,0,2,0,0,0,1,2
48550,,,,,,,0,0,2,2,0,0,0
48770,,,,,,,0,1,0,1,0,0,0
48910,,,,,,,0,0,1,0,0,0,0
51390,,,,,,,0,0,0,0,0,0,0
51900,,,,,,,0,0,0,0,0,0,0
53290,,,,,,,0,0,1,1,0,2,0
54050,,,,,,,0,0,1,0,0,0,0
57050,,,,,,,0,2,0,0,0,0,0
58430,,,,,,,0,0,0,0,0,0,0
58650,,,,,,,0,0,0,0,0,0,0
58730,,,,,,,0,0,0,0,0,0,0
58820,,,,,,,0,0,0,0,0,0,0
60250,,,,,,,0,1,1,0,0,0,0
60260,,,,,,,0,1,2,0,0,4,0
60370,,,,,,,0,0,1,0,0,0,0
60480,,,,,,,0,0,1,0,0,0,0
63160,,,,,,,0,0,0,0,0,0,0
64350,,,,,,,0,0,0,0,0,0,0
67290,,,,,,,0,0,1,0,0,0,0
69260,,,,,,,0,0,0,0,0,0,0
69460,,,,,,,0,0,0,0,0,1,0
69640,,,,,,,0,0,0,0,0,0,0
71090,,,,,,,0,0,0,0,0,0,0
71320,,,,,,,0,0,0,0,0,0,0
71950,,,,,,,0,0,0,0,0,0,0
72130,,,,,,,0,2,0,0,0,0,0
72710,,,,,,,0,0,0,0,0,0,0
73240,,,,,,,0,2,0,0,0,1,0
75580,,,,,,,0,0,0,0,0,0,0
77500,,,,,,,0,0,0,0,0,0,0
78130,,,,,,,0,0,2,7,0,0,0
78140,,,,,,,0,0,0,0,0,0,0
78150,,,,,,,0,0,0,0,0,0,0
78520,,,,,,,0,2,0,0,0,0,0
79160,,,,,,,0,0,0,0,0,0,0
79550,,,,,,,0,0,0,0,0,0,0
79660,,,,,,,0,0,0,0,0,0,0
79940,,,,,,,0,0,0,0,0,0,0
79980,,,,,,,0,0,0,0,0,0,0
82740,,,,,,,0,2,0,1,0,1,0
83450,,,,,,,0,0,0,0,0,0,0
83470,,,,,,,0,14,1,15,10,13,10
83660,,,,,,,0,15,0,0,0,0,0
84690,,,,,,,0,0,0,0,0,0,0
85910,,,,,,,0,0,0,0,0,0,0
86280,,,,,,,0,0,0,0,0,1,0
87730,,,,,,,0,7,5,14,0,0,0
88790,,,,,,,0,0,0,0,0,0,0
89230,,,,,,,0,0,0,9,0,2,0
89590,,,,,,,0,0,0,0,0,0,0
91090,,,,,,,0,0,0,0,0,0,0
91590,,,,,,,0,0,0,0,0,0,0
91970,,,,,,,0,3,1,11,0,1,2
92730,,,,,,,0,1,0,0,0,0,0
93050,,,,,,,0,0,0,0,0,0,0
93230,,,,,,,0,0,0,4,0,0,0
93640,,,,,,,0,5,1,3,0,1,2
94280,,,,,,,0,0,0,0,0,0,0
94480,,,,,,,0,0,1,0,0,0,0
95720,,,,,,,0,0,0,0,0,0,0
96760,,,,,,,0,0,0,0,0,0,0
98460,,,,,,,0,2,0,0,0,0,0
99220,,,,,,,0,0,0,3,0,0,0
102260,,,,,,,0,2,0,0,0,0,0
102280,,,,,,,0,0,0,5,0,0,0
102460,,,,,,,0,0,0,2,0,1,0
103130,,,,,,,0,0,0,3,0,0,0
103590,,,,,,,0,0,0,0,0,0,0
104040,,,,,,,0,1,1,1,0,1,3
108380,,,,,,,0,0,0,0,0,0,0
114090,,,,,,,0,0,0,0,0,0,0
114450,,,,,,,0,0,1,0,0,0,2
119650,,,,,,,0,0,0,0,0,0,0
120030,,,,,,,0,0,0,0,0,0,0
120240,,,,,,,0,0,0,0,0,0,0
121600,,,,,,,0,0,0,0,0,0,0
123690,,,,,,,0,0,0,0,0,0,0
123700,,,,,,,0,0,0,0,0,0,0
126870,,,,,,,0,0,0,12,0,1,2
128940,,,,,,,0,0,0,0,0,0,0
133820,,,,,,,0,2,0,0,0,0,0
134790,,,,,,,0,3,0,0,0,1,0
136490,,,,,,,0,0,0,0,0,1,0
138490,,,,,,,0,0,0,0,0,0,0
143210,,,,,,,0,0,0,0,0,0,0
145720,,,,,,,0,0,0,0,0,0,0
153460,,,,,,,0,0,0,0,0,0,0
155660,,,,,,,0,0,0,0,0,0,0
161890,,,,,,,0,0,0,0,0,0,0
168330,,,,,,,0,0,0,0,0,0,0
178920,,,,,,,0,0,2,0,0,0,0
180640,,,,,,,0,0,0,0,0,0,0
183190,,,,,,,0,0,0,0,0,0,0
184230,,,,,,,0,0,0,1,0,0,2
185750,,,,,,,0,0,0,0,0,0,0
190510,,,,,,,0,0,0,0,0,0,0
192820,,,,,,,0,0,0,0,0,0,0
210540,,,,,,,0,0,0,0,0,0,0
210980,,,,,,,0,0,0,0,0,1,0
211270,,,,,,,0,0,0,0,0,0,0
212560,,,,,,,0,0,0,0,0,0,0
214320,,,,,,,0,0,0,0,0,0,0
214420,,,,,,,0,0,0,1,0,0,0
222040,,,,,,,0,0,1,0,0,1,0
227840,,,,,,,0,0,0,0,0,0,0
229640,,,,,,,0,0,0,0,0,0,0
234080,,,,,,,0,0,0,0,0,0,0
241560,,,,,,,0,0,0,0,0,0,0
900100,,,,,,,0,3,4,17,0,1,2
